name,price,price_z,sku,size_nm,size,title,quantity,Link,color_nm,color,country_proizvodit,resp_foto0,resp_foto1,resp_foto2,resp_foto3,resp_foto15,resp_foto14,resp_foto13,resp_foto12,resp_foto11,resp_foto10,resp_foto9,resp_foto8,resp_foto7,resp_foto6,resp_foto5,categor_list10,categor_list9,categor_list8,categor_list7,categor_list6,categor_list5,categor_list4,categor_list0,categor_list1,categor_list2
Джинсы женские утепленные TALACE F065-2,1390,990,ARK-F065-2,Size,30;32;33;36,"Симпатичные утепленные байкой, стрейчевые джинсы со средней посадкой, зауженного кроя. Модель оформлена застежкой на пуговицу и молнию. Прекрасный выбор для повседневного гардероба. Детали: прямой покрой, подкладкой из тонкой байки которая незаметна глазу. Состав джинсов: 85% хлопок, 15% полиэстер. Сезон: Зима.",10;10;10;10;10;10;10,https://www.kupi-jeans.ru/zhenskaya_odezhda/dzhinsy/uteplennye_bryuki_dzhinsovye/dzhinsy_zhenskie_uteplennye_talace_f065_2/,Color,0000ff,Китай,https://www.kupi-jeans.ru/upload/iblock/683/6831b2f5dcee6a5a3194339f75184e4b.jpg,https://www.kupi-jeans.ru/upload/iblock/683/6831b2f5dcee6a5a3194339f75184e4b.jpg,https://www.kupi-jeans.ru/upload/iblock/30d/30d820ef35ca7c23cd324074112044fd.jpg,https://www.kupi-jeans.ru/upload/iblock/092/0927d944789cb5ac506bd1d972629b11.jpg,,,,,,,,,,,,,,,,,,,ЖЕНСКАЯ ОДЕЖДА,Джинсы,Утепленные брюки джинсовые
Джинсы женские утепленные HDL 305,1300,900,ARK-305,Size,28;29;30;31;32;33,"Симпатичные утепленные байкой, стрейчевые джинсы со средней посадкой, зауженного кроя. Модель оформлена застежкой на пуговицу и молнию. Прекрасный выбор для повседневного гардероба. Детали: прямой покрой, подкладкой из тонкой байки которая незаметна глазу. Состав джинсов: 85% хлопок, 15% полиэстер. Сезон: Зима.",10;10;10;10;10;10;10,https://www.kupi-jeans.ru/zhenskaya_odezhda/dzhinsy/uteplennye_bryuki_dzhinsovye/dzhinsy_zhenskie_uteplennye_hdl_305/,Color,0000ff,Китай,https://www.kupi-jeans.ru/upload/iblock/1f6/1f60d993c37448278c2fa727858cc187.jpg,https://www.kupi-jeans.ru/upload/iblock/1f6/1f60d993c37448278c2fa727858cc187.jpg,https://www.kupi-jeans.ru/upload/iblock/72a/72aa37df25fbaf770dc79af0b28dead1.jpg,https://www.kupi-jeans.ru/upload/iblock/dca/dca19eab02f62d6151c6102b33bdfbe7.jpg,,,,,,,,https://www.kupi-jeans.ru/upload/iblock/dd3/dd3b1e83612ef06c8a768b30cbe8f346.jpg,https://www.kupi-jeans.ru/upload/iblock/fde/fdefff52d38806d131fc33aabef81ffc.jpg,https://www.kupi-jeans.ru/upload/iblock/3b5/3b5b68eaa5332575aff56d5d0002bcbf.jpg,https://www.kupi-jeans.ru/upload/iblock/bd0/bd029d14c4975df1193cd5a133c98d20.jpg,,,,,,,,ЖЕНСКАЯ ОДЕЖДА,Джинсы,Утепленные брюки джинсовые
Джинсы женские утепленные JSTH 301,1300,900,ARK-301,Size,29;31,"Симпатичные утепленные байкой, стрейчевые джинсы со средней посадкой, прямого кроя. Модель оформлена застежкой на пуговицу и молнию. Прекрасный выбор для повседневного гардероба. Детали: прямой покрой, подкладкой из тонкой байки которая незаметна глазу. Состав джинсов: 98% хлопок, 2% спандекс. Сезон: Зима.",10;10;10;10;10;10;10,https://www.kupi-jeans.ru/zhenskaya_odezhda/dzhinsy/uteplennye_bryuki_dzhinsovye/dzhinsy_zhenskie_uteplennye_jsth_301/,Color,0000ff,Китай,https://www.kupi-jeans.ru/upload/iblock/4d1/4d1deea8878fd50ab2bef1713dec4a81.jpg,https://www.kupi-jeans.ru/upload/iblock/4d1/4d1deea8878fd50ab2bef1713dec4a81.jpg,https://www.kupi-jeans.ru/upload/iblock/f3c/f3c0a2e65444ade258089f98ea42182b.jpg,https://www.kupi-jeans.ru/upload/iblock/c06/c0625184753f7f80c8b2e69111849ac5.jpg,,,,,,,,https://www.kupi-jeans.ru/upload/iblock/541/541250893be1179b9c1185e1a80e5b7b.jpg,https://www.kupi-jeans.ru/upload/iblock/191/1917fd4f1faee00c4593a859d7e69d0d.jpg,https://www.kupi-jeans.ru/upload/iblock/7f3/7f3ffd723fc62831433e962ba92f9f6b.jpg,https://www.kupi-jeans.ru/upload/iblock/12b/12b553c8da8fa83cb1f2a9c0ac571a63.jpg,,,,,,,,ЖЕНСКАЯ ОДЕЖДА,Джинсы,Утепленные брюки джинсовые
Джинсы женские утепленные HDL 306,1300,900,ARK-306,Size,28;29;30;31;32;33,"Симпатичные утепленные байкой, стрейчевые джинсы со средней посадкой, зауженного кроя. Модель оформлена застежкой на пуговицу и молнию. Прекрасный выбор для повседневного гардероба. Детали: прямой покрой, подкладкой из тонкой байки которая незаметна глазу. Состав джинсов: 85% хлопок, 15% полиэстер. Сезон: Зима.",10;10;10;10;10;10;10,https://www.kupi-jeans.ru/zhenskaya_odezhda/dzhinsy/uteplennye_bryuki_dzhinsovye/dzhinsy_zhenskie_uteplennye_hdl_306/,Color,0000ff,Китай,https://www.kupi-jeans.ru/upload/iblock/053/05351c017ae037b9babf32241ba83ec8.jpg,https://www.kupi-jeans.ru/upload/iblock/053/05351c017ae037b9babf32241ba83ec8.jpg,https://www.kupi-jeans.ru/upload/iblock/5b6/5b60fbb33eefd50bfc8de54bad78a4f9.jpg,https://www.kupi-jeans.ru/upload/iblock/7be/7be9b13fb39b2f1ecf957bdf26d5cd85.jpg,,,,,,,https://www.kupi-jeans.ru/upload/iblock/930/930708b79f4d81cb0606aa26d5f20f58.jpg,https://www.kupi-jeans.ru/upload/iblock/568/568f2935fca4fd43f35a81b250b814e5.jpg,https://www.kupi-jeans.ru/upload/iblock/ef6/ef6552c234e652ffc8c7a78e5b7df83f.jpg,https://www.kupi-jeans.ru/upload/iblock/69e/69ea9659b065bc26bbe92c8ea850c620.jpg,https://www.kupi-jeans.ru/upload/iblock/696/696416d4af88119d0eb7c2d8e8d60d01.jpg,,,,,,,,ЖЕНСКАЯ ОДЕЖДА,Джинсы,Утепленные брюки джинсовые
Джинсы женские утепленные HDL 318,1300,900,ARK-318,Size,30;31;32,"Симпатичные утепленные байкой, стрейчевые джинсы со средней посадкой, зауженного кроя. Модель оформлена застежкой на пуговицу и молнию. Прекрасный выбор для повседневного гардероба. Детали: прямой покрой, подкладкой из тонкой байки которая незаметна глазу. Состав джинсов: 85% хлопок, 15% полиэстер. Сезон: Зима.",10;10;10;10;10;10;10,https://www.kupi-jeans.ru/zhenskaya_odezhda/dzhinsy/uteplennye_bryuki_dzhinsovye/dzhinsy_zhenskie_uteplennye_hdl_318/,Color,0000ff,Китай,https://www.kupi-jeans.ru/upload/iblock/d80/d80be7486f6354b361e5192f9ccd8ce1.jpg,https://www.kupi-jeans.ru/upload/iblock/d80/d80be7486f6354b361e5192f9ccd8ce1.jpg,https://www.kupi-jeans.ru/upload/iblock/279/279e054977eae66ffbc9acae50564c45.jpg,https://www.kupi-jeans.ru/upload/iblock/40e/40ef6350e4e6aa88449d6db05bf0aec7.jpg,,,,,,,,https://www.kupi-jeans.ru/upload/iblock/431/43151f3112fc25b76c1436f1d8577ccc.jpg,https://www.kupi-jeans.ru/upload/iblock/918/918336a0de0f4468099b0c15915bacc9.jpg,https://www.kupi-jeans.ru/upload/iblock/852/852146cb46c2345d230afba1338cf70a.jpg,https://www.kupi-jeans.ru/upload/iblock/1fb/1fbfb5b153855ca4effe51e5b39ab63a.jpg,,,,,,,,ЖЕНСКАЯ ОДЕЖДА,Джинсы,Утепленные брюки джинсовые
Джинсы женские утепленные Hao Di HD99-800,1390,990,ARK-HD99-800,Size,32;42,"Симпатичные утепленные байкой, стрейчевые джинсы со средней посадкой, зауженного кроя. Модель оформлена застежкой на пуговицу и молнию. Прекрасный выбор для повседневного гардероба. Детали: прямой покрой, подкладкой из тонкой байки которая незаметна глазу. Состав джинсов: 98% хлопок, 2% полиэстер. Сезон: Зима.",10;10;10;10;10;10;10,https://www.kupi-jeans.ru/zhenskaya_odezhda/dzhinsy/uteplennye_bryuki_dzhinsovye/dzhinsy_zhenskie_uteplennye_hao_di_hd99_800/,Color,0000ff,Китай,https://www.kupi-jeans.ru/upload/iblock/cab/cabff8625a652b67dc66f40bddff688c.jpg,https://www.kupi-jeans.ru/upload/iblock/cab/cabff8625a652b67dc66f40bddff688c.jpg,https://www.kupi-jeans.ru/upload/iblock/b9e/b9e5a79595bc69846c4280eaa94468fd.jpg,https://www.kupi-jeans.ru/upload/iblock/c8a/c8a49dde6af8e746648df573904257f2.jpg,,,,,,,https://www.kupi-jeans.ru/upload/iblock/521/521fb3ba147f35e199fc9e1f412c175d.jpg,https://www.kupi-jeans.ru/upload/iblock/76d/76d63e3d23fb926f4196af2cb3350332.jpg,https://www.kupi-jeans.ru/upload/iblock/354/35473f0c167f43c5c9c6aa836d5c47ee.jpg,https://www.kupi-jeans.ru/upload/iblock/051/051cc5acaa76eb3de9610fa19d83764c.jpg,https://www.kupi-jeans.ru/upload/iblock/f60/f60640b569c7711510e67e11b0eebde4.jpg,,,,,,,,ЖЕНСКАЯ ОДЕЖДА,Джинсы,Утепленные брюки джинсовые
Джинсы женские утепленные Hao Di HD99-802,1390,990,ARK-HD99-802,Size,28;29;30;31;32;33,"Симпатичные утепленные байкой, стрейчевые джинсы со средней посадкой, зауженного кроя. Модель оформлена застежкой на пуговицу и молнию. Прекрасный выбор для повседневного гардероба. Детали: прямой покрой, подкладкой из тонкой байки которая незаметна глазу. Состав джинсов: 98% хлопок, 2% полиэстер. Сезон: Зима.",10;10;10;10;10;10;10,https://www.kupi-jeans.ru/zhenskaya_odezhda/dzhinsy/uteplennye_bryuki_dzhinsovye/dzhinsy_zhenskie_uteplennye_hao_di_hd99_802/,Color,0000ff,Китай,https://www.kupi-jeans.ru/upload/iblock/782/78237d8363ae89add831927398254c8b.jpg,https://www.kupi-jeans.ru/upload/iblock/782/78237d8363ae89add831927398254c8b.jpg,https://www.kupi-jeans.ru/upload/iblock/294/2946aafd99b2f65b2d91c70261e57723.jpg,https://www.kupi-jeans.ru/upload/iblock/18d/18dacaf3adf2e4821759426fae709423.jpg,,,,,,,https://www.kupi-jeans.ru/upload/iblock/7b7/7b7a743c2dc5cbd867b984f05d1abdd1.jpg,https://www.kupi-jeans.ru/upload/iblock/843/843c3bda4179308d77152a1e6644e842.jpg,https://www.kupi-jeans.ru/upload/iblock/87d/87dcb47b25c1a950f480f6e4aa95007c.jpg,https://www.kupi-jeans.ru/upload/iblock/690/69081fc32c54f53ee7564d71e307bb8b.jpg,https://www.kupi-jeans.ru/upload/iblock/628/62889b5ea713793b504cd9f2f6bb8f7a.jpg,,,,,,,,ЖЕНСКАЯ ОДЕЖДА,Джинсы,Утепленные брюки джинсовые
Джинсы женские утепленные HDL 312,1300,900,ARK-312,Size,31;33;34;36;38,"Симпатичные утепленные байкой, стрейчевые джинсы со средней посадкой, зауженного кроя. Модель оформлена застежкой на пуговицу и молнию. Прекрасный выбор для повседневного гардероба. Детали: прямой покрой, подкладкой из тонкой байки которая незаметна глазу. Состав джинсов: 85% хлопок, 15% полиэстер. Сезон: Зима.",10;10;10;10;10;10;10,https://www.kupi-jeans.ru/zhenskaya_odezhda/dzhinsy/uteplennye_bryuki_dzhinsovye/dzhinsy_zhenskie_uteplennye_hdl_312/,Color,0000ff,Китай,https://www.kupi-jeans.ru/upload/iblock/f26/f267fdf70d64da474dfbcd84aea4885b.jpg,https://www.kupi-jeans.ru/upload/iblock/f26/f267fdf70d64da474dfbcd84aea4885b.jpg,https://www.kupi-jeans.ru/upload/iblock/f8e/f8ea83f02fcd1aca4001fee5812fdad0.jpg,https://www.kupi-jeans.ru/upload/iblock/cbf/cbf4b8cf28ee6ef7ec74c9e1c3fed14c.jpg,,,,,,,https://www.kupi-jeans.ru/upload/iblock/7e2/7e268fb1ec71856905f453ca8f3597fa.jpg,https://www.kupi-jeans.ru/upload/iblock/f72/f72c009adb159fe8a7636d380f5734a8.jpg,https://www.kupi-jeans.ru/upload/iblock/5e3/5e318867823fccca0eda25f8c31afbed.jpg,https://www.kupi-jeans.ru/upload/iblock/954/954f8a888abf9e3111097b6c40be2d76.jpg,https://www.kupi-jeans.ru/upload/iblock/1dc/1dc3b7e6cbc528f75f16d65123b67358.jpg,,,,,,,,ЖЕНСКАЯ ОДЕЖДА,Джинсы,Утепленные брюки джинсовые
Джинсы женские утепленные Rajojo F066-2,1390,990,ARK-F066-2,Size,30;31;32;33;34;36,"Симпатичные утепленные байкой, стрейчевые джинсы со средней посадкой, зауженного кроя. Модель оформлена застежкой на пуговицу и молнию. Прекрасный выбор для повседневного гардероба. Детали: прямой покрой, подкладкой из тонкой байки которая незаметна глазу. Состав джинсов: 85% хлопок, 15% полиэстер. Сезон: Зима.",10;10;10;10;10;10;10,https://www.kupi-jeans.ru/zhenskaya_odezhda/dzhinsy/uteplennye_bryuki_dzhinsovye/dzhinsy_zhenskie_uteplennye_rajojo_f066_2/,Color,0000ff,Китай,https://www.kupi-jeans.ru/upload/iblock/632/632fe8574bd86e352a3a8c3bd49fada4.jpg,https://www.kupi-jeans.ru/upload/iblock/632/632fe8574bd86e352a3a8c3bd49fada4.jpg,https://www.kupi-jeans.ru/upload/iblock/573/573ab8d1a4f6b2d0acedb48ca8745f5f.jpg,https://www.kupi-jeans.ru/upload/iblock/4de/4debfd1afada74db0eab85f5f8ee6b8f.jpg,,,,,,,https://www.kupi-jeans.ru/upload/iblock/a24/a24952b891db5f393e5c8225db191ab7.jpg,https://www.kupi-jeans.ru/upload/iblock/60c/60c47a7fa07826b68998fb2fc1cf74a2.jpg,https://www.kupi-jeans.ru/upload/iblock/d39/d398182a00a9f291b0035369a6c20ce5.jpg,https://www.kupi-jeans.ru/upload/iblock/1a9/1a96e8318ac2322d4e1fde03b7680605.jpg,https://www.kupi-jeans.ru/upload/iblock/bd6/bd62207b89fc010ea5a8b2b6771c4c48.jpg,,,,,,,,ЖЕНСКАЯ ОДЕЖДА,Джинсы,Утепленные брюки джинсовые
Джинсы женские утепленные Roxvivi RX-607,1390,990,ARK-RX-607,Size,30;32;33;34;36,"Симпатичные утепленные байкой, стрейчевые джинсы со средней посадкой, прямого кроя. Модель оформлена застежкой на пуговицу и молнию. Прекрасный выбор для повседневного гардероба. Детали: прямой покрой, подкладкой из тонкой байки которая незаметна глазу. Состав джинсов: 98% хлопок, 2% спандекс. Сезон: Зима.",10;10;10;10;10;10;10,https://www.kupi-jeans.ru/zhenskaya_odezhda/dzhinsy/uteplennye_bryuki_dzhinsovye/dzhinsy_zhenskie_uteplennye_roxvivi_rx_607/,Color,0000ff,Китай,https://www.kupi-jeans.ru/upload/iblock/94e/94edea8f1ba7517e5cc200601e7474c2.jpg,https://www.kupi-jeans.ru/upload/iblock/94e/94edea8f1ba7517e5cc200601e7474c2.jpg,https://www.kupi-jeans.ru/upload/iblock/31c/31cbdd53f848d6e094c86824aad59fa2.jpg,https://www.kupi-jeans.ru/upload/iblock/250/25090e8d6a8fa922ff7dda66257bd30b.jpg,,,,,,,,,,,,,,,,,,,ЖЕНСКАЯ ОДЕЖДА,Джинсы,Утепленные брюки джинсовые
Джинсы женские утепленные Roxvivi RX-613,1390,990,ARK-RX-613,Size,31;32;33;34;38,"Симпатичные утепленные байкой, стрейчевые джинсы со средней посадкой, прямого кроя. Модель оформлена застежкой на пуговицу и молнию. Прекрасный выбор для повседневного гардероба. Детали: прямой покрой, подкладкой из тонкой байки которая незаметна глазу. Состав джинсов: 98% хлопок, 2% спандекс. Сезон: Зима.",10;10;10;10;10;10;10,https://www.kupi-jeans.ru/zhenskaya_odezhda/dzhinsy/uteplennye_bryuki_dzhinsovye/dzhinsy_zhenskie_uteplennye_roxvivi_rx_613/,Color,0000ff,Китай,https://www.kupi-jeans.ru/upload/iblock/40d/40d8d0302a170c3e7c4a8c28406356b3.jpg,https://www.kupi-jeans.ru/upload/iblock/40d/40d8d0302a170c3e7c4a8c28406356b3.jpg,https://www.kupi-jeans.ru/upload/iblock/262/2627cd557573d480a3deadaff9fc1edd.jpg,https://www.kupi-jeans.ru/upload/iblock/c46/c460a64a02741ab1a07928fa027b44d3.jpg,,,,,,,,,,,,,,,,,,,ЖЕНСКАЯ ОДЕЖДА,Джинсы,Утепленные брюки джинсовые
Джинсы женские Vickys Love K-6786,1280,880,ARK-K-6786,Size,25,"Джинсы-бойфренды. Концепция стиля этих джинсов — раскрепощенность и свобода. Создается ощущение, что девушка с утра надела джинсы своего брата или парня. Казалось бы, такой небрежный вид никак не придает женственности и стройности фигуре, но, как ни странно, женщины в них выглядят необыкновенно хрупкими.... 5 карманов. Шлевки для ремня. Застежка на молнию и 1 пуговицу. Широкие джинсы-бойфренды со средней посадкой и шаговым швом. Носить с отворотами снизу. Состав: 98% хлопок, 2% спандекс.",10;10;10;10;10;10;10,https://www.kupi-jeans.ru/zhenskaya_odezhda/dzhinsy/bryuki_dzhinsovye/dzhinsy_zhenskie_vickys_love_k_6786/,Color,0000ff,Китай,https://www.kupi-jeans.ru/upload/iblock/7f1/7f181848c25f9bf196f722dc6eb4477b.jpg,https://www.kupi-jeans.ru/upload/iblock/7f1/7f181848c25f9bf196f722dc6eb4477b.jpg,https://www.kupi-jeans.ru/upload/iblock/52f/52fc161199a3735a85cc5ef30bca190a.jpg,https://www.kupi-jeans.ru/upload/iblock/01f/01f0bb75b61707f25ed79f1d193c0ea5.jpg,,,,,,,,,,,,,,,,,,,ЖЕНСКАЯ ОДЕЖДА,Джинсы,Брюки джинсовые
Джинсы женские Tigerclub 4984,800,400,ARK-4984,Size,25,"ВНИМАНИЕ! ДАННЫЙ ТОВАР ОБМЕНУ И ВОЗВРАТУ НЕ ПОДЛЕЖИТ, Состав: 100% хлопок.",10;10;10;10;10;10;10,https://www.kupi-jeans.ru/zhenskaya_odezhda/dzhinsy/rasprodazha/dzhinsy_zhenskie_tigerclub_4984/,Color,0000ff,Китай,https://www.kupi-jeans.ru/upload/iblock/4db/4db7e13cf26964064c265f50322cac00.jpg,https://www.kupi-jeans.ru/upload/iblock/4db/4db7e13cf26964064c265f50322cac00.jpg,https://www.kupi-jeans.ru/upload/iblock/10a/10a14bad80cc98ec85338530c36e91c0.jpg,,,,,,,,,,,,,,,,,,,,ЖЕНСКАЯ ОДЕЖДА,Джинсы,Распродажа
Джинсы женские утепленные DHD F-505,1200,800,ARK-F-505,Size,26,"Симпатичные утепленные байкой, стрейчевые джинсы со средней посадкой, зауженного кроя. Модель оформлена небольшим выбеленным эффектом, застежкой на пуговицу и молнию. Прекрасный выбор для повседневного гардероба. Детали: зауженный покрой, подкладкой из тонкой байки которая незаметна глазу. Состав джинсов: 98% хлопок, 2% спандекс. Сезон: Зима.",10;10;10;10;10;10;10,https://www.kupi-jeans.ru/zhenskaya_odezhda/dzhinsy/uteplennye_bryuki_dzhinsovye/dzhinsy_zhenskie_uteplennye_dhd_f_505/,Color,0000ff,Китай,https://www.kupi-jeans.ru/upload/iblock/f09/f097ebdf687aae7c9294e62753a256b1.jpg,https://www.kupi-jeans.ru/upload/iblock/f09/f097ebdf687aae7c9294e62753a256b1.jpg,https://www.kupi-jeans.ru/upload/iblock/a5a/a5a83dc5331679e1bed1038d44362b28.jpg,https://www.kupi-jeans.ru/upload/iblock/633/633bc4cefdba1b5a9a35742460bc7c73.jpg,,,,,,,,,,,https://www.kupi-jeans.ru/upload/iblock/37a/37a3cb01acaba2a94b28aefa3cf1f122.jpg,,,,,,,,ЖЕНСКАЯ ОДЕЖДА,Джинсы,Утепленные брюки джинсовые
Джинсы женские утепленные Miss Bon MB-702,1390,990,ARK-MB-702,Size,32;34;36;42,"Симпатичные утепленные байкой, стрейчевые джинсы со средней посадкой, прямого кроя. Модель оформлена застежкой на пуговицу и молнию. Прекрасный выбор для повседневного гардероба. Детали: прямой покрой, подкладкой из тонкой байки которая незаметна глазу. Состав джинсов: 98% хлопок, 2% спандекс. Сезон: Зима.",10;10;10;10;10;10;10,https://www.kupi-jeans.ru/zhenskaya_odezhda/dzhinsy/uteplennye_bryuki_dzhinsovye/dzhinsy_zhenskie_uteplennye_miss_bon_mb_702/,Color,0000ff,Китай,https://www.kupi-jeans.ru/upload/iblock/cd1/cd183c312627f1059547ed69473ef08e.jpg,https://www.kupi-jeans.ru/upload/iblock/cd1/cd183c312627f1059547ed69473ef08e.jpg,https://www.kupi-jeans.ru/upload/iblock/f0f/f0f381d20653d85e9356be52c9d9fd27.jpg,https://www.kupi-jeans.ru/upload/iblock/d7b/d7b4dcdef33e5b9266c00c3eb521fbf2.jpg,,,,,,,,,,,,,,,,,,,ЖЕНСКАЯ ОДЕЖДА,Джинсы,Утепленные брюки джинсовые
Джинсы женские утепленные XQL 013,1280,880,ARK-013,Size,25;26;27;28;30,"Симпатичные утепленные байкой, стрейчевые джинсы со средней посадкой, зауженного кроя. Модель оформлена небольшим выбеленным эффектом, застежкой на пуговицу и молнию. Прекрасный выбор для повседневного гардероба. Детали: зауженный покрой, подкладкой из тонкой байки которая незаметна глазу. Состав джинсов: 98% хлопок, 2% спандекс. Сезон: Зима.",10;10;10;10;10;10;10,https://www.kupi-jeans.ru/zhenskaya_odezhda/dzhinsy/uteplennye_bryuki_dzhinsovye/dzhinsy_zhenskie_uteplennye_xql_013/,Color,0000ff,Китай,https://www.kupi-jeans.ru/upload/iblock/611/61188b34719c1c623702a8e68e6f680e.jpg,https://www.kupi-jeans.ru/upload/iblock/611/61188b34719c1c623702a8e68e6f680e.jpg,https://www.kupi-jeans.ru/upload/iblock/85a/85a4ae29248a95013fcec84a765d850a.jpg,https://www.kupi-jeans.ru/upload/iblock/bca/bcab2c46075249eb24cc13b8cdf82563.jpg,,,,,,,,,,,https://www.kupi-jeans.ru/upload/iblock/dab/dab8faca58f2e836b55e1445abe2c610.jpg,,,,,,,,ЖЕНСКАЯ ОДЕЖДА,Джинсы,Утепленные брюки джинсовые
Джинсы женские утепленные Hao Di HD99-805,1390,990,ARK-HD99-805,Size,31;32;33;34;35;36,"Симпатичные утепленные байкой, стрейчевые джинсы со средней посадкой, зауженного кроя. Модель оформлена застежкой на пуговицу и молнию. Прекрасный выбор для повседневного гардероба. Детали: прямой покрой, подкладкой из тонкой байки которая незаметна глазу. Состав джинсов: 98% хлопок, 2% полиэстер. Сезон: Зима.",10;10;10;10;10;10;10,https://www.kupi-jeans.ru/zhenskaya_odezhda/dzhinsy/uteplennye_bryuki_dzhinsovye/dzhinsy_zhenskie_uteplennye_hao_di_hd99_805/,Color,0000ff,Китай,https://www.kupi-jeans.ru/upload/iblock/fd5/fd5d32de6dd96b6a79692f03682d0358.jpg,https://www.kupi-jeans.ru/upload/iblock/fd5/fd5d32de6dd96b6a79692f03682d0358.jpg,https://www.kupi-jeans.ru/upload/iblock/c4f/c4f316ae8debebcd230f9631c9d78261.jpg,https://www.kupi-jeans.ru/upload/iblock/3cd/3cdf4ad81457b9599fac0a31775afb48.jpg,,,,,,,,https://www.kupi-jeans.ru/upload/iblock/047/0473308ba32a89bfe0dd0308f096399b.jpg,https://www.kupi-jeans.ru/upload/iblock/735/73512ee4fd2dedbcfd6c5c6131db6cdc.jpg,https://www.kupi-jeans.ru/upload/iblock/6d9/6d9819c9c41493b7ef9f38d8f881b9d5.jpg,https://www.kupi-jeans.ru/upload/iblock/996/9960760eff55139417f927c53d1e34af.jpg,,,,,,,,ЖЕНСКАЯ ОДЕЖДА,Джинсы,Утепленные брюки джинсовые
Джинсы женские Haodi HD99-220,1399,999,ARK-HD99-220,Size,25;26;27;28;29;30,"Джинсы Haodi выполнены из хлопкового денима с нарочитыми потертостями. Детали: застежка на молнию и пуговицу, шлевки для ремня, пять карманов. Состав: 98% хлопок, 2% спандекс.",10;10;10;10;10;10;10,https://www.kupi-jeans.ru/zhenskaya_odezhda/dzhinsy/bryuki_dzhinsovye/dzhinsy_zhenskie_haodi_hd99_220/,Color,0000ff,Китай,https://www.kupi-jeans.ru/upload/iblock/57b/57b3b7817449f3244c45e631ba001389.jpg,https://www.kupi-jeans.ru/upload/iblock/57b/57b3b7817449f3244c45e631ba001389.jpg,https://www.kupi-jeans.ru/upload/iblock/21b/21b83cbc0830b6c6a7fb2df11d976a6a.jpg,https://www.kupi-jeans.ru/upload/iblock/9ff/9ffd02236413a45176fb46c12f4b97f5.jpg,,,,,,,,,,,,,,,,,,,ЖЕНСКАЯ ОДЕЖДА,Джинсы,Брюки джинсовые
Джинсы женские утепленные Langluka LJ1016-AFH,1360,960,ARK-LJ1016-AFH,Size,,"Джинсы женские утепленные. Состав: 98% хлопок, 2% спандекс. Сезон: Зима.",10;10;10;10;10;10;10,https://www.kupi-jeans.ru/zhenskaya_odezhda/dzhinsy/uteplennye_bryuki_dzhinsovye/dzhinsy_zhenskie_uteplennye_langluka_lj1016_afh/,Color,0000ff,Китай,https://www.kupi-jeans.ru/upload/iblock/b16/b16459f684038ff30248f88b010de342.jpg,https://www.kupi-jeans.ru/upload/iblock/b16/b16459f684038ff30248f88b010de342.jpg,https://www.kupi-jeans.ru/upload/iblock/267/267df139e89a42b42bede177f5d595c2.jpg,https://www.kupi-jeans.ru/upload/iblock/b6b/b6bb6eeebbe9db4c09d0f255a41513f0.jpg,,,,,,,,,,,https://www.kupi-jeans.ru/upload/iblock/173/173cde7bebe4453c217084acb16fda13.jpg,,,,,,,,ЖЕНСКАЯ ОДЕЖДА,Джинсы,Утепленные брюки джинсовые
Джинсы женские утепленные GDKZ K-081,1280,880,ARK-K-081,Size,,"Симпатичные утепленные байкой, стрейчевые джинсы со средней посадкой, прямого кроя. Модель оформлена застежкой на пуговицу и молнию. Прекрасный выбор для повседневного гардероба. Состав джинсов: 98% хлопок, 2% спандекс. Сезон: Зима.",10;10;10;10;10;10;10,https://www.kupi-jeans.ru/zhenskaya_odezhda/dzhinsy/uteplennye_bryuki_dzhinsovye/dzhinsy_zhenskie_uteplennye_gdkz_k_081/,Color,0000ff,Китай,https://www.kupi-jeans.ru/upload/iblock/11c/11ca0b0851548f917aa48b72a5dfa347.jpg,https://www.kupi-jeans.ru/upload/iblock/11c/11ca0b0851548f917aa48b72a5dfa347.jpg,https://www.kupi-jeans.ru/upload/iblock/135/1353e010ab8767fa4a7ebbb0dd2bb424.jpg,https://www.kupi-jeans.ru/upload/iblock/7a3/7a3df3d4c58d9d534114371c3b42a500.jpg,,,,,,,,,,,,,,,,,,,ЖЕНСКАЯ ОДЕЖДА,Джинсы,Утепленные брюки джинсовые
Джинсы женские утепленные XQL 010,1360,960,ARK-010,Size,29,"Симпатичные утепленные байкой, стрейчевые джинсы со средней посадкой, зауженного кроя. Модель оформлена небольшим выбеленным эффектом, застежкой на пуговицу и молнию. Прекрасный выбор для повседневного гардероба. Детали: зауженный покрой, подкладкой из тонкой байки которая незаметна глазу. Состав джинсов: 98% хлопок, 2% спандекс. Сезон: Зима.",10;10;10;10;10;10;10,https://www.kupi-jeans.ru/zhenskaya_odezhda/dzhinsy/uteplennye_bryuki_dzhinsovye/dzhinsy_zhenskie_uteplennye_xql_010/,Color,0000ff,Китай,https://www.kupi-jeans.ru/upload/iblock/6d9/6d9e548bd4e819c76f480570caf76a17.jpg,https://www.kupi-jeans.ru/upload/iblock/6d9/6d9e548bd4e819c76f480570caf76a17.jpg,https://www.kupi-jeans.ru/upload/iblock/906/9061ef11e9bff7e8394f6abdd4193c5b.jpg,https://www.kupi-jeans.ru/upload/iblock/940/9400be5c8de65517a58a740ed6b74177.jpg,,,,,,,,,,,https://www.kupi-jeans.ru/upload/iblock/437/43793a9ba6eed0e2b3a8fa45988134de.jpg,,,,,,,,ЖЕНСКАЯ ОДЕЖДА,Джинсы,Утепленные брюки джинсовые
Джинсы женские утепленные Roxvivi RX-605,1390,990,ARK-RX-605,Size,30;32;33;34;36,"Симпатичные утепленные байкой, стрейчевые джинсы со средней посадкой, прямого кроя. Модель оформлена застежкой на пуговицу и молнию. Прекрасный выбор для повседневного гардероба. Детали: прямой покрой, подкладкой из тонкой байки которая незаметна глазу. Состав джинсов: 98% хлопок, 2% спандекс. Сезон: Зима.",10;10;10;10;10;10;10,https://www.kupi-jeans.ru/zhenskaya_odezhda/dzhinsy/uteplennye_bryuki_dzhinsovye/dzhinsy_zhenskie_uteplennye_roxvivi_rx_605/,Color,0000ff,Китай,https://www.kupi-jeans.ru/upload/iblock/7d3/7d33d8c0c5053fb30cc54d113bc0ed9d.jpg,https://www.kupi-jeans.ru/upload/iblock/7d3/7d33d8c0c5053fb30cc54d113bc0ed9d.jpg,https://www.kupi-jeans.ru/upload/iblock/c83/c83ac5f15335c41b9be82b9739424eba.jpg,https://www.kupi-jeans.ru/upload/iblock/d22/d227cca514ee76a220f5095cf7537e40.jpg,,,,,,,,,,,,,,,,,,,ЖЕНСКАЯ ОДЕЖДА,Джинсы,Утепленные брюки джинсовые
Шорты женские джинсовые Langluka X1639DK,1200,800,ARK-X1639DK,Size,25;26;27;28;29;30,"Шорты Langluka выполнены из плотного хлопкового денима с нарочитыми потертостями и прорезями. Детали: застежка на молнию и пуговицу; пять карманов; шлевки для ремня. Состав: 98% хлопок, 2% спандекс.",10;10;10;10;10;10;10,https://www.kupi-jeans.ru/zhenskaya_odezhda/dzhinsy/shorty_bridzhi_kapri/shorty_zhenskie_dzhinsovye_langluka_x1639dk/,Color,0000ff,Китай,https://www.kupi-jeans.ru/upload/iblock/487/487241d59a16cef2fac3ee9e27d02202.jpg,https://www.kupi-jeans.ru/upload/iblock/487/487241d59a16cef2fac3ee9e27d02202.jpg,https://www.kupi-jeans.ru/upload/iblock/b6e/b6e27e4d8897694f730acbcb467e74a0.jpg,https://www.kupi-jeans.ru/upload/iblock/574/574a14c6d03b8e00f6cbd9379458715d.jpg,,,,,,,,,,,,,,,,,,,ЖЕНСКАЯ ОДЕЖДА,Джинсы,"Шорты, бриджи, капри"
Шорты женские джинсовые Langluka X1635ADK,1190,790,ARK-X1635ADK,Size,28;29;30;31;32,"Шорты Langluka выполнены из плотного хлопкового денима с нарочитыми потертостями и прорезями. Детали: застежка на молнию и пуговицу; пять карманов; шлевки для ремня. В комплект входит ремень. Состав: 98% хлопок, 2% спандекс.",10;10;10;10;10;10;10,https://www.kupi-jeans.ru/zhenskaya_odezhda/dzhinsy/shorty_bridzhi_kapri/shorty_zhenskie_dzhinsovye_langluka_x1635adk/,Color,0000ff,Китай,https://www.kupi-jeans.ru/upload/iblock/5f4/5f43059262bf875bec20361c62444c81.jpg,https://www.kupi-jeans.ru/upload/iblock/5f4/5f43059262bf875bec20361c62444c81.jpg,https://www.kupi-jeans.ru/upload/iblock/661/6617f9848fb9c765463a8b8889edba5c.jpg,https://www.kupi-jeans.ru/upload/iblock/484/48452ea04cc44f21bb3aaa336f41fafe.jpg,,,,,,,,,,,,,,,,,,,ЖЕНСКАЯ ОДЕЖДА,Джинсы,"Шорты, бриджи, капри"
Шорты женские джинсовые Langluka LK0143ADK,1200,800,ARK-LK0143ADK,Size,28;29;30;31;32,"Шорты Langluka выполнены из плотного хлопкового денима с нарочитыми потертостями и прорезями. Детали: застежка на молнию и пуговицу; пять карманов; шлевки для ремня. Состав: 98% хлопок, 2% спандекс.",10;10;10;10;10;10;10,https://www.kupi-jeans.ru/zhenskaya_odezhda/dzhinsy/shorty_bridzhi_kapri/shorty_zhenskie_dzhinsovye_langluka_lk0143adk/,Color,0000ff,Китай,https://www.kupi-jeans.ru/upload/iblock/583/583d9a04b2895e4238c1aa9ee7e07f33.jpg,https://www.kupi-jeans.ru/upload/iblock/583/583d9a04b2895e4238c1aa9ee7e07f33.jpg,https://www.kupi-jeans.ru/upload/iblock/24b/24bfded04b445f8e327884144a86d2dd.jpg,https://www.kupi-jeans.ru/upload/iblock/b65/b6523dbb5c9a15700f2708d5fc30def9.jpg,,,,,,,,,,,,,,,,,,,ЖЕНСКАЯ ОДЕЖДА,Джинсы,"Шорты, бриджи, капри"
Шорты женские джинсовые Langluka LK0140DK,1200,800,ARK-LK0140DK,Size,25;26;28;29;30,"Шорты Langluka выполнены из плотного хлопкового денима с нарочитыми потертостями и прорезями. Детали: застежка на молнию и пуговицу; пять карманов; шлевки для ремня. Состав: 98% хлопок, 2% спандекс.",10;10;10;10;10;10;10,https://www.kupi-jeans.ru/zhenskaya_odezhda/dzhinsy/shorty_bridzhi_kapri/shorty_zhenskie_dzhinsovye_langluka_lk0140dk/,Color,0000ff,Китай,https://www.kupi-jeans.ru/upload/iblock/efd/efdeda7d5a07be5bda8d19006d06c6af.jpg,https://www.kupi-jeans.ru/upload/iblock/efd/efdeda7d5a07be5bda8d19006d06c6af.jpg,https://www.kupi-jeans.ru/upload/iblock/260/2601dc8791bdd954aafab83c88555886.jpg,https://www.kupi-jeans.ru/upload/iblock/463/463f0f3003f0affdfac74b8113b5f798.jpg,,,,,,,,,,,,,,,,,,,ЖЕНСКАЯ ОДЕЖДА,Джинсы,"Шорты, бриджи, капри"
Джинсы женские утепленные Langluka LJ1388AFH,1399,999,ARK-LJ1388AFH,Size,32,"Симпатичные утепленные байкой, стрейчевые джинсы со средней посадкой, зауженного кроя. Модель оформлена небольшим выбеленным эффектом, застежкой на пуговицу и молнию. Прекрасный выбор для повседневного гардероба. Детали: зауженный покрой, подкладкой из тонкой байки которая незаметна глазу. Состав джинсов: 98% хлопок, 2% спандекс. Сезон: Зима.",10;10;10;10;10;10;10,https://www.kupi-jeans.ru/zhenskaya_odezhda/dzhinsy/uteplennye_bryuki_dzhinsovye/dzhinsy_zhenskie_uteplennye_langluka_lj1388afh/,Color,0000ff,Китай,https://www.kupi-jeans.ru/upload/iblock/903/90345516ae5597c9fd37985c9801ba6d.jpg,https://www.kupi-jeans.ru/upload/iblock/903/90345516ae5597c9fd37985c9801ba6d.jpg,https://www.kupi-jeans.ru/upload/iblock/c83/c832961538c2063d159cbfd2d0c7f358.jpg,https://www.kupi-jeans.ru/upload/iblock/7f0/7f080386dbc3bfc71eb138ffbea41536.jpg,,,,,,,,,,,https://www.kupi-jeans.ru/upload/iblock/c37/c37009f72bfedf69217c358ab60fc4e4.jpg,,,,,,,,ЖЕНСКАЯ ОДЕЖДА,Джинсы,Утепленные брюки джинсовые
Шорты женские джинсовые Langluka LK1621K,1190,790,ARK-LK1621K,Size,25;26;27;28;30,"Шорты Langluka выполнены из плотного хлопкового денима с нарочитыми потертостями и прорезями. Детали: застежка на молнию и пуговицу; пять карманов; шлевки для ремня. В комплект входит ремень. Состав: 98% хлопок, 2% спандекс.",10;10;10;10;10;10;10,https://www.kupi-jeans.ru/zhenskaya_odezhda/dzhinsy/shorty_bridzhi_kapri/shorty_zhenskie_dzhinsovye_langluka_lk1621k/,Color,0000ff,Китай,https://www.kupi-jeans.ru/upload/iblock/d17/d17f58160413bf14d9b7ca296904dba5.jpg,https://www.kupi-jeans.ru/upload/iblock/d17/d17f58160413bf14d9b7ca296904dba5.jpg,https://www.kupi-jeans.ru/upload/iblock/7a2/7a208acfc5306d06931b561ba38981a3.jpg,https://www.kupi-jeans.ru/upload/iblock/ba1/ba10c4f68614678ac51470033d85c7e5.jpg,,,,,,,,,,,,,,,,,,,ЖЕНСКАЯ ОДЕЖДА,Джинсы,"Шорты, бриджи, капри"
Джинсы женские утепленные GDKZ K-070,1320,920,ARK-K-070,Size,,"Симпатичные утепленные байкой, стрейчевые джинсы со средней посадкой, прямого кроя. Модель оформлена застежкой на пуговицу и молнию. Прекрасный выбор для повседневного гардероба. Состав джинсов: 98% хлопок, 2% спандекс. Сезон: Зима.",10;10;10;10;10;10;10,https://www.kupi-jeans.ru/zhenskaya_odezhda/dzhinsy/uteplennye_bryuki_dzhinsovye/dzhinsy_zhenskie_uteplennye_gdkz_k_070/,Color,0000ff,Китай,https://www.kupi-jeans.ru/upload/iblock/1ef/1efcb370200253c2d6d39cc08818a0b0.jpg,https://www.kupi-jeans.ru/upload/iblock/1ef/1efcb370200253c2d6d39cc08818a0b0.jpg,https://www.kupi-jeans.ru/upload/iblock/08c/08c69b9c309487d8e8460bf07432d804.jpg,https://www.kupi-jeans.ru/upload/iblock/7db/7db4311d61a5f97272b3415ab95f98b0.jpg,,,,,,,,,,,,,,,,,,,ЖЕНСКАЯ ОДЕЖДА,Джинсы,"Шорты, бриджи, капри"
Шорты женские джинсовые Langluka 1598DK,1190,790,ARK-1598DK,Size,25;26;27;28;29;30,"Шорты Langluka выполнены из плотного хлопкового денима с нарочитыми потертостями и прорезями. Детали: застежка на молнию и пуговицу; пять карманов; шлевки для ремня. В комплект входит ремень. Состав: 98% хлопок, 2% спандекс.",10;10;10;10;10;10;10,https://www.kupi-jeans.ru/zhenskaya_odezhda/dzhinsy/shorty_bridzhi_kapri/shorty_zhenskie_dzhinsovye_langluka_1598dk/,Color,0000ff,Китай,https://www.kupi-jeans.ru/upload/iblock/d6c/d6cde808ba2ca90b4f4f9a573e9f9a94.jpg,https://www.kupi-jeans.ru/upload/iblock/d6c/d6cde808ba2ca90b4f4f9a573e9f9a94.jpg,https://www.kupi-jeans.ru/upload/iblock/797/797a0911f01d86a96c6606f24d25cfb9.jpg,https://www.kupi-jeans.ru/upload/iblock/e1b/e1b6efff5ee38b6f4f5876303ca73d0e.jpg,,,,,,,,,,,,,,,,,,,ЖЕНСКАЯ ОДЕЖДА,Джинсы,"Шорты, бриджи, капри"
Жилет  джинсовый женский Lukaixier M13-2,1100,700,ARK-M13-2,Size,2XL;L;M;XL,"Жилет джинсовый, класического покроя, со стразами. Джинсовая ткань: 65% хлопок, 35% полиэстер.",10;10;10;10;10;10;10,https://www.kupi-jeans.ru/zhenskaya_odezhda/dzhinsy/kurtki_pidzhaki_i_zhiletki/zhilet_dzhinsovyy_zhenskiy_lukaixier_m13_2/,Color,0000ff,Китай,https://www.kupi-jeans.ru/upload/iblock/407/40776ca733c6b09241ed0e55ac69ee28.jpg,https://www.kupi-jeans.ru/upload/iblock/407/40776ca733c6b09241ed0e55ac69ee28.jpg,https://www.kupi-jeans.ru/upload/iblock/7f2/7f2a4bd0e319aef16c31328282469946.jpg,https://www.kupi-jeans.ru/upload/iblock/652/652f8628de4f7110dd7b05b75100b33c.jpg,,,,,,,,,,,,,,,,,,,ЖЕНСКАЯ ОДЕЖДА,Джинсы,"Куртки, пиджаки и жилетки"
Шорты женские джинсовые Langluka LK0147DK,1190,790,ARK-LK0147DK,Size,25;26;27;28;29;30,"Шорты Langluka выполнены из плотного хлопкового денима с нарочитыми потертостями и прорезями. Детали: застежка на молнию и пуговицу; пять карманов; шлевки для ремня. Состав: 98% хлопок, 2% спандекс.",10;10;10;10;10;10;10,https://www.kupi-jeans.ru/zhenskaya_odezhda/dzhinsy/shorty_bridzhi_kapri/shorty_zhenskie_dzhinsovye_langluka_lk0147dk/,Color,0000ff,Китай,https://www.kupi-jeans.ru/upload/iblock/5ae/5ae6bc610038dcf16d5df5e8e15d24d6.jpg,https://www.kupi-jeans.ru/upload/iblock/5ae/5ae6bc610038dcf16d5df5e8e15d24d6.jpg,https://www.kupi-jeans.ru/upload/iblock/299/299e41e17fe4878f63894c53ca09464d.jpg,https://www.kupi-jeans.ru/upload/iblock/58b/58b14e7c0a9b3abcc1031e03a3613227.jpg,,,,,,,,,,,,,,,,,,,ЖЕНСКАЯ ОДЕЖДА,Джинсы,"Шорты, бриджи, капри"
Джинсы женские Langluka PY-305,1200,800,ARK-PY-305,Size,25;26;27,"Джинсы Langluka выполнены из хлопкового денима. Детали: застежка на молнию и пуговицу, шлевки для ремня, пять карманов. Состав: 98% хлопок, 2% спандекс.",10;10;10;10;10;10;10,https://www.kupi-jeans.ru/zhenskaya_odezhda/dzhinsy/bryuki_dzhinsovye/dzhinsy_zhenskie_langluka_py_305/,Color,0000ff,Китай,https://www.kupi-jeans.ru/upload/iblock/175/175778d746ad8938abf2238cb10c70ba.jpg,https://www.kupi-jeans.ru/upload/iblock/175/175778d746ad8938abf2238cb10c70ba.jpg,https://www.kupi-jeans.ru/upload/iblock/dd0/dd0edd1ff6400824307cd238aa351cdc.jpg,https://www.kupi-jeans.ru/upload/iblock/911/911c739fd960f6bcb88ffa96645fe33c.jpg,,,,,,,,,https://www.kupi-jeans.ru/upload/iblock/c91/c910c2c9eab27120f4ce4bde89745c60.jpg,https://www.kupi-jeans.ru/upload/iblock/c32/c321d7777e0f22318bf83cb0f8ba314f.jpg,https://www.kupi-jeans.ru/upload/iblock/0b8/0b859692ff79947742fd4239b618460b.jpg,,,,,,,,ЖЕНСКАЯ ОДЕЖДА,Джинсы,Брюки джинсовые
Джинсы женские утепленные Dute 6059,1360,960,ARK-6059,Size,29;30;32,"Симпатичные утепленные байкой, стрейчевые джинсы со средней посадкой, прямого кроя. Модель оформлена застежкой на пуговицу и молнию. Прекрасный выбор для повседневного гардероба. Состав джинсов: 98% хлопок, 2% спандекс. Сезон: Зима.",10;10;10;10;10;10;10,https://www.kupi-jeans.ru/zhenskaya_odezhda/dzhinsy/uteplennye_bryuki_dzhinsovye/dzhinsy_zhenskie_uteplennye_dute_6059/,Color,0000ff,Китай,https://www.kupi-jeans.ru/upload/iblock/acd/acd20bff726a51194ed03b77f9c155eb.jpg,https://www.kupi-jeans.ru/upload/iblock/acd/acd20bff726a51194ed03b77f9c155eb.jpg,https://www.kupi-jeans.ru/upload/iblock/d50/d50dbdf2ed3d05383d05eddc60593520.jpg,https://www.kupi-jeans.ru/upload/iblock/ee1/ee1070b6e3c2e21b94aed0c40bf15bfb.jpg,,,,,,,,,,,,,,,,,,,ЖЕНСКАЯ ОДЕЖДА,Джинсы,Утепленные брюки джинсовые
Джинсы женские утепленные Гodi 967,1320,920,ARK-967,Size,31,"Симпатичные утепленные байкой, стрейчевые джинсы со средней посадкой, зауженного кроя. Модель оформлена небольшим выбеленным эффектом, застежкой на пуговицу и молнию. Прекрасный выбор для повседневного гардероба. Детали: зауженный покрой, подкладкой из тонкой байки которая незаметна глазу. Состав джинсов: 70% хлопок, 30% полиэстер. Сезон: Зима.",10;10;10;10;10;10;10,https://www.kupi-jeans.ru/zhenskaya_odezhda/dzhinsy/uteplennye_bryuki_dzhinsovye/dzhinsy_zhenskie_uteplennye_godi_967/,Color,0000ff,Китай,https://www.kupi-jeans.ru/upload/iblock/b28/b2864fe80a33400186fcf21cd1c25054.jpg,https://www.kupi-jeans.ru/upload/iblock/b28/b2864fe80a33400186fcf21cd1c25054.jpg,https://www.kupi-jeans.ru/upload/iblock/d92/d92a11b4706ee706f04e5db94eae1db2.jpg,https://www.kupi-jeans.ru/upload/iblock/5e8/5e868d1e57225cb691b48ab923913962.jpg,,,,,,,,,,,,,,,,,,,ЖЕНСКАЯ ОДЕЖДА,Джинсы,Утепленные брюки джинсовые
Джинсы женские Aisadandu QT008,1399,999,ARK-QT008,Size,28,"Женские джинсы в стиле casual. Состав: 98% хлопок, 2% спандекс.",10;10;10;10;10;10;10,https://www.kupi-jeans.ru/zhenskaya_odezhda/dzhinsy/bryuki_dzhinsovye/dzhinsy_zhenskie_aisadandu_qt008/,Color,0000ff,Китай,https://www.kupi-jeans.ru/upload/iblock/e2c/e2c5837326f78eee5e7c2006c09da450.jpg,https://www.kupi-jeans.ru/upload/iblock/e2c/e2c5837326f78eee5e7c2006c09da450.jpg,https://www.kupi-jeans.ru/upload/iblock/a81/a814df03730bd8395bf8715356c22b02.jpg,https://www.kupi-jeans.ru/upload/iblock/2a7/2a7f4cb2ea8805321034822a29a27d9e.jpg,,,,,,,,,,,,,,,,,,,ЖЕНСКАЯ ОДЕЖДА,Джинсы,Брюки джинсовые
Джинсы женские утепленные Langluka X1747-1F,1360,960,ARK-X1747-1F,Size,26,"Симпатичные утепленные байкой, стрейчевые джинсы с высокой посадкой, зауженный крой. Модель оформлена небольшим выбеленным эффектом, застежкой на пуговицу и молнию. Прекрасный выбор для повседневного гардероба. Детали: зауженный покрой, подкладкой из тонкой байки которая незаметна глазу. Состав джинсов: 98% хлопок, 2% спандекс. Сезон: Зима.",10;10;10;10;10;10;10,https://www.kupi-jeans.ru/zhenskaya_odezhda/dzhinsy/uteplennye_bryuki_dzhinsovye/dzhinsy_zhenskie_uteplennye_langluka_x1747_1f/,Color,0000ff,Китай,https://www.kupi-jeans.ru/upload/iblock/2fa/2fa72b87c92506e474b3b3c239bca26b.jpg,https://www.kupi-jeans.ru/upload/iblock/2fa/2fa72b87c92506e474b3b3c239bca26b.jpg,https://www.kupi-jeans.ru/upload/iblock/df7/df73fda04f7e8339ed49626e6a00e9ca.jpg,https://www.kupi-jeans.ru/upload/iblock/f55/f557d28ce07c7d5799cc31fab4607571.jpg,,,,,,,,,,,https://www.kupi-jeans.ru/upload/iblock/66c/66c0efd6e4ca2188f9524c51ce821fe8.jpg,,,,,,,,ЖЕНСКАЯ ОДЕЖДА,Джинсы,Утепленные брюки джинсовые
Джинсы женские Haodi HD99-183KK,1399,999,ARK-HD99-183KK,Size,25;26;27;28;29;30,"Женские джинсы Haodi. состав: 98% хлопок, 2% спандекс.",10;10;10;10;10;10;10,https://www.kupi-jeans.ru/zhenskaya_odezhda/dzhinsy/bryuki_dzhinsovye/dzhinsy_zhenskie_haodi_hd99_183kk/,Color,0000ff,Китай,https://www.kupi-jeans.ru/upload/iblock/00b/00b6f46c615fc981ec13861f99747e37.jpg,https://www.kupi-jeans.ru/upload/iblock/00b/00b6f46c615fc981ec13861f99747e37.jpg,https://www.kupi-jeans.ru/upload/iblock/014/0147fe2cf5e81cd0cf3102e7ee026754.jpg,https://www.kupi-jeans.ru/upload/iblock/363/36387f9cd1c87858f4f5557d91881a11.jpg,,,,,,,,,,,,,,,,,,,ЖЕНСКАЯ ОДЕЖДА,Джинсы,Брюки джинсовые
Джинсы женские CO&LA CA6020AKK,1399,999,ARK-CA6020AKK,Size,32,"Джинсы-бойфренды. Концепция стиля этих джинсов — раскрепощенность и свобода. Создается ощущение, что девушка с утра надела джинсы своего брата или парня. Казалось бы, такой небрежный вид никак не придает женственности и стройности фигуре, но, как ни странно, женщины в них выглядят необыкновенно хрупкими.... 5 карманов. Шлевки для ремня. Застежка на молнию и 1 пуговицу. Ремень в комплекте. Широкие джинсы-бойфренды со средней посадкой и шаговым швом. Носить с отворотами снизу. Состав: 98% хлопок, 2% спандекс.",10;10;10;10;10;10;10,https://www.kupi-jeans.ru/zhenskaya_odezhda/dzhinsy/bryuki_dzhinsovye/dzhinsy_zhenskie_co_la_ca6020akk/,Color,0000ff,Китай,https://www.kupi-jeans.ru/upload/iblock/add/add527dfdd53baa5b3949ad2f35d76c5.jpg,https://www.kupi-jeans.ru/upload/iblock/add/add527dfdd53baa5b3949ad2f35d76c5.jpg,https://www.kupi-jeans.ru/upload/iblock/a88/a8816e0f60c148ba1a3c7389fcd453c1.jpg,https://www.kupi-jeans.ru/upload/iblock/205/205e4fd155aadc46252134e66835adc9.jpg,,,,,,,,,,,,,,,,,,,ЖЕНСКАЯ ОДЕЖДА,Джинсы,Брюки джинсовые
