sku,Link,name_v,price,price_z,categor_list0,categor_list1,categor_list2,categor_list3,categor_list4,categor_list5,list_options0,list_options_value0,list_options1,list_options_value1,list_options2,list_options_value2,list_options3,list_options_value3,list_options4,list_options_value4,list_options5,list_options_value5,price_skidka,img_color,,name_color,description,list_img,,,quantity,delivery,quantity opc
647-twist,http://terrakot-yarn.ru/647_twister_rs_/,Twister,none,none,Распродажа,Главная страница,,,,,Состав:,"53% шерсть, 5% альпака, 39% акрил, 3% люрекс",Метраж:,80 м,Вес мотка:,50,Вес упаковки:,500 гр (10 мотков),Цена за 1 моток:,120.0,,,110.0,http://terrakot-yarn.ru/images/items/647/03844177.jpg ; http://terrakot-yarn.ru/images/items/647/03844178.jpg ; http://terrakot-yarn.ru/images/items/647/03844179.jpg,Фактура,19 серый ; 21 коричневый ; 24 черный-зеленый,"Рекомендуемый размер спиц: 7,08,0мм, крючок: №7,0. Бережная ручная стирка, max 30°C.;;Пряжа ""Twister"" представляет собой нить, состоящую из шерсти, альпаки, акрила и люрекса. За счет этого пряжа смотрится интересно и необычно. Люрекс придаст мягкий блеск Вашему изделию, акрил сохранит прочность, а шерсть придаст теплоту.",http://terrakot-yarn.ru/images/items/647/yarn647big.jpg ; http://terrakot-yarn.ru/images//items/647/yarn647.png,http://terrakot-yarn.ru/images/items/647/yarn647big.jpg, http://terrakot-yarn.ru/images//items/647/yarn647.png,20,2,10;10;10;10;10;10;10;10;10;10;10;10;10;10;10;10;10;1010;10;10;10;10;1010;10;10;10;10;10;10;10;10;10
568-zebra,http://terrakot-yarn.ru/568_zebra_rs_/,Zebra,none,none,Распродажа,Главная страница,,,categor_list0,,Состав:,100% полиэстер,Метраж:,70 м,Вес мотка:,100,Вес упаковки:,500 гр (5 мотков),Цена за 1 моток:,200.0,,,170.0,http://terrakot-yarn.ru/images/items/568/03836406.jpg,Фактура,KF 960 белый-розовый,"Рекомендуемый размер спиц: 5  9мм. Стирка в тёплой воде (температура до 30 С).Основное предназначение интересной и необычнойпряжи Zebra – отделка вязаных изделий. Впрочем, эта замечательнаяпряжатравка может использоваться и в качестве основной, например, в детских кофточках, свитерах, курточках, карнавальных костюмах и даже в таких взрослых вещах, как шарфики, шапки, повязки, шубки, шали.",http://terrakot-yarn.ru/images/items/568/yarn568big.jpg ; http://terrakot-yarn.ru/images//items/568/yarn568.png,http://terrakot-yarn.ru/images/items/568/yarn568big.jpg, http://terrakot-yarn.ru/images//items/568/yarn568.png,20,2,10;10;10;10;10;10;10;10;10;10;10;10;10;10;10;10;10;1010;10;10;10;10;1010;10;10;10;10;10;10;10;10;10
341-talya,http://terrakot-yarn.ru/341_talya_jeans_rs_/,Talya Jeans,none,none,Распродажа,Главная страница,,,Камтекс,Kamteks,Состав:,100% акрил,Метраж:,225 м,Вес мотка:,100,Вес упаковки:,500 гр (5 мотков),Цена за 1 моток:,180.0,,,160.0,http://terrakot-yarn.ru/images/items/341/03844357.jpg ; http://terrakot-yarn.ru/images/items/341/03844359.jpg ; http://terrakot-yarn.ru/images/items/341/03844352.jpg ; http://terrakot-yarn.ru/images/items/341/03844343.jpg ; http://terrakot-yarn.ru/images/items/341/03844345.jpg ; http://terrakot-yarn.ru/images/items/341/03844344.jpg ; http://terrakot-yarn.ru/images/items/341/03844353.jpg ; http://terrakot-yarn.ru/images/items/341/03844349.jpg ; http://terrakot-yarn.ru/images/items/341/03844348.jpg ; http://terrakot-yarn.ru/images/items/341/03844354.jpg ; http://terrakot-yarn.ru/images/items/341/03844356.jpg ; http://terrakot-yarn.ru/images/items/341/03844351.jpg ; http://terrakot-yarn.ru/images/items/341/03844360.jpg,Фактура,001 коралл. меланж ; 002 т. коралл. меланж ; 003 красный меланж ; 006 цикламен меланж ; 007 бордовый меланж ; 008 черничный меланж ; 009 фиолетовый меланж ; 014 бежевый меланж ; 015 коричневый меланж ; 016 зеленый меланж ; 017 ярк.зел.меланж ; 018 серый меланж ; СЕ 013 св.бежевый меланж,"Рекомендованный номер спиц: 3,5  4,5мм; крючка: №3,5  4,5.Бережная ручная стирка, max 30°C.;;Пряжа по своим свойствам очень мягкая, объемная, не вызывает аллергии, поэтому подойдет для людей даже с очень чувствительной кожей. Объемная крутка позволит получить результат быстро. Легко распускается, не пушится и не скатывается.Красивые меланжевые оттенки пряжи понравятся всем без исключения.",http://terrakot-yarn.ru/images/items/341/yarn341big.jpg ; http://terrakot-yarn.ru/images//items/341/yarn341.png,http://terrakot-yarn.ru/images/items/341/yarn341big.jpg, http://terrakot-yarn.ru/images//items/341/yarn341.png,20,2,10;10;10;10;10;10;10;10;10;10;10;10;10;10;10;10;10;1010;10;10;10;10;1010;10;10;10;10;10;10;10;10;10
353-tavsa,http://terrakot-yarn.ru/353_tavsan_tuyu_10_rs_/,Tavsan Tuyu 10,none,none,Распродажа,Главная страница,,,Лама,Lama,Состав:,"84% полиамид, 16% полиэстер",Метраж:,50 м,Вес мотка:,100,Вес упаковки:,1000 гр (10 мотков),Цена за 1 моток:,230.0,,,200.0,http://terrakot-yarn.ru/images/items/353/03833148.jpg ; http://terrakot-yarn.ru/images/items/353/03833141.jpg ; http://terrakot-yarn.ru/images/items/353/03833150.jpg ; http://terrakot-yarn.ru/images/items/353/03833142.jpg ; http://terrakot-yarn.ru/images/items/353/03833143.jpg,Фактура,K812 красный ; KF3003 серобеж. ; KF3005 св.беж ; KF3010 св.серый ; KF807 св.черника,"Рекомендуемый размер спиц: 6,0  7,0мм. Стирка в тёплой воде (температура до 30 С).;;Эту пряжу иначе как искуственный мех не назовешь. Эффект меха получается двухсторонний. Подойдет для вязания пледов, необычных шапок, отделку изделий.",http://terrakot-yarn.ru/images/items/353/yarn353big.jpg ; http://terrakot-yarn.ru/images//items/353/yarn353.png,http://terrakot-yarn.ru/images/items/353/yarn353big.jpg, http://terrakot-yarn.ru/images//items/353/yarn353.png,20,2,10;10;10;10;10;10;10;10;10;10;10;10;10;10;10;10;10;1010;10;10;10;10;1010;10;10;10;10;10;10;10;10;10
501-piko-,http://terrakot-yarn.ru/501_piko_rs_/,Piko,none,none,Распродажа,Главная страница,,,Новинки,Novinki,Состав:,"21% шерсть, 64% акрил, 15% полиэстер",Метраж:,17 м,Вес мотка:,100,Вес упаковки:,500 гр (5 мотков),Цена за 1 моток:,150.0,,,130.0,http://terrakot-yarn.ru/images/items/501/03829812.jpg ; http://terrakot-yarn.ru/images/items/501/03828768.jpg ; http://terrakot-yarn.ru/images/items/501/03846073.jpg,Фактура,025 сливочный ; 122 вишня ; 632 т.синий,"Рекомендуемый размер спиц: любой, крючок: любой. Бережная ручная стирка, max 30°C.Турецкая ленточная пряжа Kartopu PIKO для вязания и шитья оригинальной одежды. Демисезонная ленточная пряжа, интересный состав, тёплая, приятная к телу. Для вязания оригинальной одежды и изделий для интерьера.",http://terrakot-yarn.ru/images/items/501/yarn501big.jpg ; http://terrakot-yarn.ru/images//items/501/yarn501.png,http://terrakot-yarn.ru/images/items/501/yarn501big.jpg, http://terrakot-yarn.ru/images//items/501/yarn501.png,20,2,10;10;10;10;10;10;10;10;10;10;10;10;10;10;10;10;10;1010;10;10;10;10;1010;10;10;10;10;10;10;10;10;10
1661-viki,http://terrakot-yarn.ru/1661_viking/,VIKING,230.0,141,Gazzal,Пряжа,Главная страница,,Носочные и хоз. нити,Nosochnye i khoz niti,Состав:,"70% акрил, 30% мериносовая шерсть",Метраж:,100 м,Вес мотка:,100,Вес упаковки:,400 гр (4 мотков),Цена за 1 моток:,230.0,,,,http://terrakot-yarn.ru/images/items/1661/03859169.jpg ; http://terrakot-yarn.ru/images/items/1661/03859160.jpg ; http://terrakot-yarn.ru/images/items/1661/03859163.jpg ; http://terrakot-yarn.ru/images/items/1661/03859168.jpg ; http://terrakot-yarn.ru/images/items/1661/03859164.jpg ; http://terrakot-yarn.ru/images/items/1661/03859165.jpg ; http://terrakot-yarn.ru/images/items/1661/03859166.jpg ; http://terrakot-yarn.ru/images/items/1661/03859170.jpg ; http://terrakot-yarn.ru/images/items/1661/03859167.jpg ; http://terrakot-yarn.ru/images/items/1661/03859159.jpg ; http://terrakot-yarn.ru/images/items/1661/03859161.jpg ; http://terrakot-yarn.ru/images/items/1661/03859162.jpg,Фактура,4001 молочный ; 4003 св.беж ; 4005 талая вода ; 4006 пудра ; 4007 блед.голубой ; 4008 серобежевый ; 4009 белый ; 4013 сиреневый меланж ; 4014 т.зеленый ; 4015 бордо ; 4017 ультрамарин ; 4020 золото,Рекомендуемый размер спиц №8Крючок №8,http://terrakot-yarn.ru/images/items/1661/yarn1661big.jpg ; http://terrakot-yarn.ru/images//items/1661/yarn1661.png,http://terrakot-yarn.ru/images/items/1661/yarn1661big.jpg, http://terrakot-yarn.ru/images//items/1661/yarn1661.png,20,2,10;10;10;10;10;10;10;10;10;10;10;10;10;10;10;10;10;1010;10;10;10;10;1010;10;10;10;10;10;10;10;10;10
650-winne,http://terrakot-yarn.ru/650_winner/,Winner,200.0,124,Kutnor,Пряжа,Главная страница,,Пехорка,Pekhorka,Состав:,100% мериносовая шерсть,Метраж:,160 м,Вес мотка:,50,Вес упаковки:,500 гр (10 мотков),Цена за 1 моток:,200.0,,,,http://terrakot-yarn.ru/images/items/650/03844051.jpg,Фактура,333 канарейка,"Рекомендуемый размер спиц: 3,54,0мм, крючок: №4,0. Бережная ручная стирка, max 30°C.;;Пряжа ""Winner"" производится из 100% мериносовой шерсти, что делает ее абсолютно неколючей, нежной и мягкой. Из такой нитки в изделии отлично смотрятся всевозможные араны, жгуты и косы. Подойдет для вязания шапок, шарфов, кофточек, жилеток.;;",http://terrakot-yarn.ru/images/items/650/yarn650big.jpg ; http://terrakot-yarn.ru/images//items/650/yarn650.png,http://terrakot-yarn.ru/images/items/650/yarn650big.jpg, http://terrakot-yarn.ru/images//items/650/yarn650.png,20,2,10;10;10;10;10;10;10;10;10;10;10;10;10;10;10;10;10;1010;10;10;10;10;1010;10;10;10;10;10;10;10;10;10
314-super,http://terrakot-yarn.ru/314_super_excellence/,Super Excellence,220.0,138,Magic,Пряжа,Главная страница,,ПНК им. Кирова,PNK im Kirova,Состав:,"49% шерсть, 51% акрил",Метраж:,228 м,Вес мотка:,100,Вес упаковки:,500 гр (5 мотков),Цена за 1 моток:,220.0,,,,http://terrakot-yarn.ru/images/items/314/00001845.jpg ; http://terrakot-yarn.ru/images/items/314/03818223.jpg ; http://terrakot-yarn.ru/images/items/314/03818226.jpg ; http://terrakot-yarn.ru/images/items/314/03818229.jpg ; http://terrakot-yarn.ru/images/items/314/03818768.jpg ; http://terrakot-yarn.ru/images/items/314/03818231.jpg ; http://terrakot-yarn.ru/images/items/314/03825825.jpg ; http://terrakot-yarn.ru/images/items/314/03832491.jpg ; http://terrakot-yarn.ru/images/items/314/03818233.jpg ; http://terrakot-yarn.ru/images/items/314/03818235.jpg ; http://terrakot-yarn.ru/images/items/314/03818249.jpg ; http://terrakot-yarn.ru/images/items/314/03818250.jpg ; http://terrakot-yarn.ru/images/items/314/03818251.jpg ; http://terrakot-yarn.ru/images/items/314/03818769.jpg,Фактура,403 слоновая кость ; 4105 синий ; 411 св.терракот ; 4113 т.серо-голубой ; 4115 т.изумруд ; 4116 серо-коричневый ; 4117 св.кофейный ; 4121 васильковый ; 4123 малин.щербет ; 4126 жёлтый ; 4136 св.серый ; 4138 нежно-розовый ; 80 белый ; 81 черный ; 84 яр.голубая бирюза ; 86 алый ; 87 коричневый,"Рекомендуемый размер спиц: 4,5  5,0мм, крючок: №4,0. Бережная ручная стирка, max 30°C.;Полушерстянаяпряжа,мягкая на ощупь, состоящая из шерсти и акрила, благодаря чему идеально скользит по спицам, облегчая и ускоряя процесс вязания. Нить ровная по всей длине, качественная, без утолщений, не линяет и не выгорает, подходит для вязаниявсевозможных теплыхвещей для детей и взрослых. Из нее можно связать практически любую вещь: от шарфика до платья.",http://terrakot-yarn.ru/images/items/314/yarn314big.jpg ; http://terrakot-yarn.ru/images//items/314/yarn314.png,http://terrakot-yarn.ru/images/items/314/yarn314big.jpg, http://terrakot-yarn.ru/images//items/314/yarn314.png,20,2,10;10;10;10;10;10;10;10;10;10;10;10;10;10;10;10;10;1010;10;10;10;10;1010;10;10;10;10;10;10;10;10;10
1248-trav,http://terrakot-yarn.ru/1248_travka_nisan/,ТРАВКА NISAN,110.0,71,Lanoso,Пряжа,Главная страница,,ПОМПОНЫ,POMPONY,Состав:,100% полиэстер,Метраж:,180 м,Вес мотка:,100,Вес упаковки:,500 гр (5 мотков),Цена за 1 моток:,110.0,,,,http://terrakot-yarn.ru/images/items/1248/03834631.jpg,Фактура,Травка Nisan 956 кармин,,http://terrakot-yarn.ru/images/items/1248/yarn1248big.jpg ; http://terrakot-yarn.ru/images//items/1248/yarn1248.png,http://terrakot-yarn.ru/images/items/1248/yarn1248big.jpg, http://terrakot-yarn.ru/images//items/1248/yarn1248.png,20,2,10;10;10;10;10;10;10;10;10;10;10;10;10;10;10;10;10;1010;10;10;10;10;1010;10;10;10;10;10;10;10;10;10
552-tropi,http://terrakot-yarn.ru/552_tropikana/,Тропикана,120.0,73,Color City,Пряжа,Главная страница,,ПРЯЖА В БОБИНАХ,PRIaZhA V BOBINAKh,Состав:,"45% бамбук, 55% хлопок",Метраж:,225 м,Вес мотка:,50,Вес упаковки:,500 гр (10 мотков),Цена за 1 моток:,120.0,,,,http://terrakot-yarn.ru/images/items/552/03834859.jpg ; http://terrakot-yarn.ru/images/items/552/03835226.jpg,Фактура,105 неж.розовый ; 115 розовый,"Рекомендованный номер спиц: 2,0  2,5мм; крючка: №2,0  2,5.Бережная ручная стирка, max 30°C.;Сочетание бамбука и хлопка придают изделию мягкости, кожа в таком изделии дышит.",http://terrakot-yarn.ru/images/items/552/yarn552big.jpg ; http://terrakot-yarn.ru/images//items/552/yarn552.png,http://terrakot-yarn.ru/images/items/552/yarn552big.jpg, http://terrakot-yarn.ru/images//items/552/yarn552.png,20,2,10;10;10;10;10;10;10;10;10;10;10;10;10;10;10;10;10;1010;10;10;10;10;1010;10;10;10;10;10;10;10;10;10
331-travk,http://terrakot-yarn.ru/331_travka_ayaz/,Травка Ayaz,140.0,89,Ayaz,Пряжа,Главная страница,,Распродажа,Rasprodazha,Состав:,100% полиэстер,Метраж:,140 м,Вес мотка:,100,Вес упаковки:,500 гр (5 мотков),Цена за 1 моток:,140.0,,,,http://terrakot-yarn.ru/images/items/331/03850517.jpg ; http://terrakot-yarn.ru/images/items/331/03843283.jpg ; http://terrakot-yarn.ru/images/items/331/03817317.jpg ; http://terrakot-yarn.ru/images/items/331/03825201.jpg ; http://terrakot-yarn.ru/images/items/331/03823755.jpg ; http://terrakot-yarn.ru/images/items/331/03821440.jpg ; http://terrakot-yarn.ru/images/items/331/03817318.jpg ; http://terrakot-yarn.ru/images/items/331/03809371.jpg ; http://terrakot-yarn.ru/images/items/331/03818104.jpg ; http://terrakot-yarn.ru/images/items/331/03839350.jpg ; http://terrakot-yarn.ru/images/items/331/03843280.jpg ; http://terrakot-yarn.ru/images/items/331/03810072.jpg ; http://terrakot-yarn.ru/images/items/331/03817320.jpg ; http://terrakot-yarn.ru/images/items/331/03809366.jpg ; http://terrakot-yarn.ru/images/items/331/03809370.jpg ; http://terrakot-yarn.ru/images/items/331/03810071.jpg ; http://terrakot-yarn.ru/images/items/331/03821442.jpg ; http://terrakot-yarn.ru/images/items/331/03809374.jpg ; http://terrakot-yarn.ru/images/items/331/03825202.jpg ; http://terrakot-yarn.ru/images/items/331/03821448.jpg ; http://terrakot-yarn.ru/images/items/331/03821449.jpg ; http://terrakot-yarn.ru/images/items/331/03834649.jpg ; http://terrakot-yarn.ru/images/items/331/03843274.jpg ; http://terrakot-yarn.ru/images/items/331/03821441.jpg ; http://terrakot-yarn.ru/images/items/331/03821443.jpg ; http://terrakot-yarn.ru/images/items/331/03817321.jpg ; http://terrakot-yarn.ru/images/items/331/03821453.jpg ; http://terrakot-yarn.ru/images/items/331/03810073.jpg ; http://terrakot-yarn.ru/images/items/331/03823697.jpg ; http://terrakot-yarn.ru/images/items/331/03843276.jpg ; http://terrakot-yarn.ru/images/items/331/03843278.jpg ; http://terrakot-yarn.ru/images/items/331/03821446.jpg ; http://terrakot-yarn.ru/images/items/331/03818103.jpg ; http://terrakot-yarn.ru/images/items/331/03810075.jpg ; http://terrakot-yarn.ru/images/items/331/03843279.jpg ; http://terrakot-yarn.ru/images/items/331/03844268.jpg ; http://terrakot-yarn.ru/images/items/331/03843277.jpg ; http://terrakot-yarn.ru/images/items/331/03847965.jpg ; http://terrakot-yarn.ru/images/items/331/03823696.jpg ; http://terrakot-yarn.ru/images/items/331/03821450.jpg ; http://terrakot-yarn.ru/images/items/331/03821447.jpg ; http://terrakot-yarn.ru/images/items/331/03817316.jpg ; http://terrakot-yarn.ru/images/items/331/03810070.jpg ; http://terrakot-yarn.ru/images/items/331/03821454.jpg ; http://terrakot-yarn.ru/images/items/331/03809372.jpg ; http://terrakot-yarn.ru/images/items/331/03810076.jpg ; http://terrakot-yarn.ru/images/items/331/03810074.jpg ; http://terrakot-yarn.ru/images/items/331/03823698.jpg ; http://terrakot-yarn.ru/images/items/331/03850514.jpg ; http://terrakot-yarn.ru/images/items/331/03823695.jpg ; http://terrakot-yarn.ru/images/items/331/03817324.jpg ; http://terrakot-yarn.ru/images/items/331/03817322.jpg ; http://terrakot-yarn.ru/images/items/331/03823694.jpg ; http://terrakot-yarn.ru/images/items/331/03825203.jpg ; http://terrakot-yarn.ru/images/items/331/03810067.jpg ; http://terrakot-yarn.ru/images/items/331/03830364.jpg ; http://terrakot-yarn.ru/images/items/331/03845330.jpg,Фактура,1000-1188 сир.перс-белый ; 1000-1217 черн.суровый ; 1060 лиловый ; 1076 блед.голубой ; 1111 горчица ; 1130 серый ; 1133 василёк ; 1137 яркая мальва ; 1148 т.синий ; 1165 яркая фуксия ; 1184 канарейка ; 1187 т.сиреневый ; 1188 фиолетовый ; 1195 сталь ; 1203 ярко-зелёный ; 1207 алый ; 1208 белый ; 1213 морская волна ; 1214 голубой ; 1215 св.жёлтый ; 1217 чёрный ; 1217-1251 чёрный-красный ; 1219 бежевый ; 1223 бронза ; 1233 сиреневая дымка ; 1235 голубая бирюза ; 1236 ярко-розовый ; 1251 красный ; 1256 шампанское ; 1257 серобежевый ; 1263 аспарагус ; 1275 т.пудра ; 1280 айсберг ; 1328 морская лазурь ; 1395 салат неон ; 1396 ярк.фуксия ; 1397 лимонный флюр ; 1398 коралловый флюр ; 1507 медный ; 1966 т.оранж ; 1979 оранж ; 1999 бордо ; 2036 сиреневый ; 2175 т.красный ; 2199 св.беж ; 2249 розово-сиреневый ; 2256 т.голубой ; 2291 т.олива ; 2292 персиковый ; 2873 т.изумруд ; 3244 т.розовый ; 3246 коралл ; 3587 ледяная мята ; 5531 бл.розовый ; 6086 салат ; 6195 шоколад ; 7574 трава ; 7690 перламутровый ; 9249 фуксия,"Рекомендуемый размер спиц: 5  9мм, крючок: №2  5. Стирка в тёплой воде (температура до 30 С).;;Основное предназначение интересной и необычнойпряжи – отделка вязаных изделий. Впрочем, эта замечательнаяпряжатравка может использоваться и в качестве основной, например, в детских кофточках, свитерах, курточках, карнавальных костюмах и даже в таких взрослых вещах, как шарфики, шапки, повязки, шубки, шали.",http://terrakot-yarn.ru/images/items/331/yarn331big.jpg ; http://terrakot-yarn.ru/images//items/331/yarn331.png,http://terrakot-yarn.ru/images/items/331/yarn331big.jpg, http://terrakot-yarn.ru/images//items/331/yarn331.png,20,2,10;10;10;10;10;10;10;10;10;10;10;10;10;10;10;10;10;1010;10;10;10;10;1010;10;10;10;10;10;10;10;10;10
1664-jubi,http://terrakot-yarn.ru/1664_jubilejnaja/,ЮБИЛЕЙНАЯ,390.0,244,Троицкая пряжа,Пряжа,Главная страница,,Семёновская пряжа,Semionovskaia priazha,Состав:,,Метраж:,0 м,Вес мотка:,0,Вес упаковки:,0 гр (0 мотков),Цена за 1 моток:,390.0,,,,,Фактура,Юбилейная 0057 светлый салат ; Юбилейная 0112 зеленый ; Юбилейная 0170 василек ; Юбилейная 0235 супер белый ; Юбилейная 0282 голубой ; Юбилейная 0313 изумруд ; Юбилейная 0339 морская волна ; Юбилейная 0384 кристалл ; Юбилейная 0474 голубая бирюза ; Юбилейная 1440 алый ; Юбилейная 1470 габардин ; Юбилейная 1925 светлая азалия ; Юбилейная 2210 кофе с молоком,,http://terrakot-yarn.ru/images/items/1664/yarn1664big.jpg ; http://terrakot-yarn.ru/images/emptyimg.png,http://terrakot-yarn.ru/images/items/1664/yarn1664big.jpg, http://terrakot-yarn.ru/images/emptyimg.png,20,2,10;10;10;10;10;10;10;10;10;10;10;10;10;10;10;10;10;1010;10;10;10;10;1010;10;10;10;10;10;10;10;10;10
144-lg-ak,http://terrakot-yarn.ru/144_lg_akril/,ЛГ_акрил,110.0,69,Семёновская пряжа,Пряжа,Главная страница,,Спецпредложения,Spetspredlozheniia,Состав:,100% акрил,Метраж:,0 м,Вес мотка:,100,Вес упаковки:,100 гр (1 мотков),Цена за 1 моток:,110.0,,,,http://terrakot-yarn.ru/images/items/144/03804818.jpg ; http://terrakot-yarn.ru/images/items/144/00556116.jpg,Фактура,"170, ЛГ_Акрил, 1, черный ; 170, ЛГ_Акрил, 58, т.корич",,http://terrakot-yarn.ru/images/items/144/yarn144big.jpg ; http://terrakot-yarn.ru/images//items/144/yarn144.png,http://terrakot-yarn.ru/images/items/144/yarn144big.jpg, http://terrakot-yarn.ru/images//items/144/yarn144.png,20,2,10;10;10;10;10;10;10;10;10;10;10;10;10;10;10;10;10;1010;10;10;10;10;1010;10;10;10;10;10;10;10;10;10
539-super,http://terrakot-yarn.ru/539_superwash/,Superwash,320.0,203,Alize,Пряжа,Главная страница,,Супер неделя,Super nedelia,Состав:,"75% шерсть, 25% полиамид",Метраж:,420 м,Вес мотка:,100,Вес упаковки:,500 гр (5 мотков),Цена за 1 моток:,320.0,,,,http://terrakot-yarn.ru/images/items/539/03833325.jpg ; http://terrakot-yarn.ru/images/items/539/03851453.jpg ; http://terrakot-yarn.ru/images/items/539/03842090.jpg ; http://terrakot-yarn.ru/images/items/539/03833326.jpg ; http://terrakot-yarn.ru/images/items/539/03832566.jpg ; http://terrakot-yarn.ru/images/items/539/03832574.jpg ; http://terrakot-yarn.ru/images/items/539/03854522.jpg ; http://terrakot-yarn.ru/images/items/539/03832561.jpg ; http://terrakot-yarn.ru/images/items/539/03832568.jpg ; http://terrakot-yarn.ru/images/items/539/03854523.jpg ; http://terrakot-yarn.ru/images/items/539/03855116.jpg ; http://terrakot-yarn.ru/images/items/539/03855105.jpg ; http://terrakot-yarn.ru/images/items/539/03855117.jpg,Фактура,01 сливочный ; 182 т.серый ; 21 серый ; 2696 зелёный меланж ; 4448 бордо-серый ; 55 белый ; 5529 беж-кор-золот. ; 58 т.синий ; 60 чёрный ; 6760 зелен.меланж ; 6764 бел-чер-крас-липа-изумр. ; 6765 бел-гол-бир-т.син. ; 6766 бел-чер-кор-беж-тер.,"Рекомендуемый размер спиц: 2,0  4,0мм, крючок: №1,5  3,0. Плотность вязания: 10 см. х 10 см. = 20п. х 24р. Ручная и машинная стирка.Пряжа упругая, эластичная, теплая, уютная и не колется, что очень подходит для детей и взрослых. Тонкая нитка прекрасно подойдет для вязки легких, но в тоже время теплых вещей. Пряжа легко распускается и перевязывается несколько раз, не деформируясь и не влияя на вид изделия. Натуральная шерстяная нить обеспечивает изделию прекрасную форму.",http://terrakot-yarn.ru/images/items/539/yarn539big.jpg ; http://terrakot-yarn.ru/images//items/539/yarn539.png,http://terrakot-yarn.ru/images/items/539/yarn539big.jpg, http://terrakot-yarn.ru/images//items/539/yarn539.png,20,2,10;10;10;10;10;10;10;10;10;10;10;10;10;10;10;10;10;1010;10;10;10;10;1010;10;10;10;10;10;10;10;10;10
100-shotl,http://terrakot-yarn.ru/100_shotlandskij_tvid/,Шотландский твид,250.0,154,Троицкая пряжа,Пряжа,Главная страница,,Троицкая пряжа,Troitskaia priazha,Состав:,100% шерсть,Метраж:,360 м,Вес мотка:,100,Вес упаковки:,1000 гр (10 мотков),Цена за 1 моток:,250.0,,,,http://terrakot-yarn.ru/images/items/100/03851131.jpg ; http://terrakot-yarn.ru/images/items/100/03850072.jpg ; http://terrakot-yarn.ru/images/items/100/03852930.jpg ; http://terrakot-yarn.ru/images/items/100/03854017.jpg ; http://terrakot-yarn.ru/images/items/100/03852929.jpg ; http://terrakot-yarn.ru/images/items/100/03852928.jpg ; http://terrakot-yarn.ru/images/items/100/03852926.jpg,Фактура,Шотландский Твид 0230 отбелка ; Шотландский Твид 2110 меланж сирень ; Шотландский Твид 3800 коричневый ; Шотландский Твид 8001 меланж бордо ; Шотландский Твид 8002 меланж ; Шотландский Твид 8003 меланж ; Шотландский Твид 8005 меланж(сирень) ; Шотландский Твид 8008 меланж коричневый ; Шотландский Твид 8009 меланж (ежевика) ; Шотландский Твид 8013 меланж (цикламен) ; Шотландский Твид 8014 меланж (омут) ; Шотландский Твид 8017 меланж т.бирюза,,http://terrakot-yarn.ru/images/items/100/yarn100big.jpg ; http://terrakot-yarn.ru/images//items/100/yarn100.png,http://terrakot-yarn.ru/images/items/100/yarn100big.jpg, http://terrakot-yarn.ru/images//items/100/yarn100.png,20,2,10;10;10;10;10;10;10;10;10;10;10;10;10;10;10;10;10;1010;10;10;10;10;1010;10;10;10;10;10;10;10;10;10
104-shers,http://terrakot-yarn.ru/104_sherst_dlja_valjanija_tonkaja_m_k/,Шерсть для валяния тонкая м/к,90.0,56,Троицкая пряжа,Пряжа,Главная страница,,Alize,Alize,Состав:,100% тонкая мериносовая шерсть,Метраж:,0 м,Вес мотка:,25,Вес упаковки:,25 гр (1 мотков),Цена за 1 моток:,90.0,,,,http://terrakot-yarn.ru/images/items/104/03820066.jpg ; http://terrakot-yarn.ru/images/items/104/03820069.jpg ; http://terrakot-yarn.ru/images/items/104/03825747.jpg ; http://terrakot-yarn.ru/images/items/104/03828728.jpg,Фактура,(1)  6011 ; (1)  6019 ; (1)  6031 ; (1)  6043 ; (1)  6051 ; (1)  6061 ; (1)  6063 ; (1)  6065 ; (1)  6076 ; (1)  6093 ; (1)  6104 ; (1)  6128,,http://terrakot-yarn.ru/images/items/104/yarn104big.jpg ; http://terrakot-yarn.ru/images//items/104/yarn104.png,http://terrakot-yarn.ru/images/items/104/yarn104big.jpg, http://terrakot-yarn.ru/images//items/104/yarn104.png,20,2,10;10;10;10;10;10;10;10;10;10;10;10;10;10;10;10;10;1010;10;10;10;10;1010;10;10;10;10;10;10;10;10;10
113-villa,http://terrakot-yarn.ru/113_village_(krestjanka)/,Village (Крестьянка),240.0,147,Семёновская пряжа,Пряжа,Главная страница,,Ayaz,Ayaz,Состав:,"34% хлопок, 33% лён, 33% вискоза",Метраж:,400 м,Вес мотка:,100,Вес упаковки:,1000 гр (10 мотков),Цена за 1 моток:,240.0,,,,http://terrakot-yarn.ru/images/items/113/03852048.jpg ; http://terrakot-yarn.ru/images/items/113/03851418.jpg ; http://terrakot-yarn.ru/images/items/113/03850310.jpg ; http://terrakot-yarn.ru/images/items/113/03851420.jpg,Фактура,"10506, Village, 30001, черный_х1 ; 10506, Village, 30171, гвозд_х1 ; 10506, Village, 30922, тропик_х1 ; 10506, Village, 30968, св.фиал_х1 ; 10506, Village, 31663, дыня_х1","Рекомендованный номер спиц: 2,0  2,5мм; крючка: №2,0  2,5. Бережная ручная стирка, max 30°C.;;Пряжа «Крестьянка» превосходно подходит для вязания крючком ажурных узоров.Так же хороша пряжа для изготовления различных аксессуаров. После стирки не рекомендуется изделия выкручивать, сушить в разложенном виде. Не деформируется при тепловой обработке.",http://terrakot-yarn.ru/images/items/113/yarn113big.jpg ; http://terrakot-yarn.ru/images//items/113/yarn113.png,http://terrakot-yarn.ru/images/items/113/yarn113big.jpg, http://terrakot-yarn.ru/images//items/113/yarn113.png,20,2,10;10;10;10;10;10;10;10;10;10;10;10;10;10;10;10;10;1010;10;10;10;10;1010;10;10;10;10;10;10;10;10;10
533-cvetn,http://terrakot-yarn.ru/533_cvetnoe_kruzhevo/,Цветное Кружево,120.0,75,Пехорка,Пряжа,Главная страница,,Color City,Color City,Состав:,100% мерсеризованный хлопок,Метраж:,475 м,Вес мотка:,50,Вес упаковки:,200 гр (4 мотков),Цена за 1 моток:,120.0,,,,http://terrakot-yarn.ru/images/items/533/03830749.jpg ; http://terrakot-yarn.ru/images/items/533/03830750.jpg ; http://terrakot-yarn.ru/images/items/533/03830751.jpg ; http://terrakot-yarn.ru/images/items/533/03845650.jpg ; http://terrakot-yarn.ru/images/items/533/03830753.jpg ; http://terrakot-yarn.ru/images/items/533/03830754.jpg ; http://terrakot-yarn.ru/images/items/533/03846450.jpg ; http://terrakot-yarn.ru/images/items/533/03845651.jpg ; http://terrakot-yarn.ru/images/items/533/03830756.jpg ; http://terrakot-yarn.ru/images/items/533/03835495.jpg ; http://terrakot-yarn.ru/images/items/533/03830757.jpg ; http://terrakot-yarn.ru/images/items/533/03830758.jpg ; http://terrakot-yarn.ru/images/items/533/03830759.jpg ; http://terrakot-yarn.ru/images/items/533/03830760.jpg ; http://terrakot-yarn.ru/images/items/533/03846451.jpg ; http://terrakot-yarn.ru/images/items/533/03830761.jpg ; http://terrakot-yarn.ru/images/items/533/03830762.jpg ; http://terrakot-yarn.ru/images/items/533/03830763.jpg ; http://terrakot-yarn.ru/images/items/533/03845656.jpg ; http://terrakot-yarn.ru/images/items/533/03830764.jpg,Фактура,02 чёрный ; 03 св.бежевый ; 05 голубой ; 07 бордо ; 124 песочный ; 15 т.голубой ; 161 мокко ; 174 стальной ; 18 персик ; 180 св.бегония ; 276 перламутр ; 335 изумруд ; 396 настурция ; 45 т.бирюза ; 480 яр.зелень ; 49 фуксия ; 53 св.жёлтый ; 567 т.фиалка ; 581 св.изумруд ; 73 айсберг ; 99 абрикос,"Рекомендованный номер крючка: №0,9  1,1.Бережная ручная стирка, max 30°C.;Тоненькая, плотно скрученная ниточка ""Цветное кружево"". Отлично подойдет для вывязывания ажурных салфеток и скатертей, многие вязальщицы используют эту нить в ирландском кружеве.",http://terrakot-yarn.ru/images/items/533/yarn533big.jpg ; http://terrakot-yarn.ru/images//items/533/yarn533.png,http://terrakot-yarn.ru/images/items/533/yarn533big.jpg, http://terrakot-yarn.ru/images//items/533/yarn533.png,20,2,10;10;10;10;10;10;10;10;10;10;10;10;10;10;10;10;10;1010;10;10;10;10;1010;10;10;10;10;10;10;10;10;10
156-fialk,http://terrakot-yarn.ru/156_fialka/,Фиалка,90.0,58,ПНК им. Кирова,Пряжа,Главная страница,,Drops,Drops,Состав:,100% хлопок,Метраж:,225 м,Вес мотка:,75,Вес упаковки:,450 гр (6 мотков),Цена за 1 моток:,90.0,,,,http://terrakot-yarn.ru/images/items/156/03829846.jpg ; http://terrakot-yarn.ru/images/items/156/03846547.jpg ; http://terrakot-yarn.ru/images/items/156/03847346.jpg ; http://terrakot-yarn.ru/images/items/156/03846635.jpg ; http://terrakot-yarn.ru/images/items/156/03855144.jpg ; http://terrakot-yarn.ru/images/items/156/03847354.jpg ; http://terrakot-yarn.ru/images/items/156/03847344.jpg ; http://terrakot-yarn.ru/images/items/156/03847349.jpg ; http://terrakot-yarn.ru/images/items/156/03846042.jpg ; http://terrakot-yarn.ru/images/items/156/03846634.jpg ; http://terrakot-yarn.ru/images/items/156/03847348.jpg ; http://terrakot-yarn.ru/images/items/156/03855143.jpg ; http://terrakot-yarn.ru/images/items/156/03847350.jpg ; http://terrakot-yarn.ru/images/items/156/03851552.jpg ; http://terrakot-yarn.ru/images/items/156/03846040.jpg ; http://terrakot-yarn.ru/images/items/156/03847353.jpg ; http://terrakot-yarn.ru/images/items/156/03846041.jpg ; http://terrakot-yarn.ru/images/items/156/03855145.jpg ; http://terrakot-yarn.ru/images/items/156/03855142.jpg ; http://terrakot-yarn.ru/images/items/156/03851551.jpg ; http://terrakot-yarn.ru/images/items/156/03853060.jpg ; http://terrakot-yarn.ru/images/items/156/03846636.jpg,Фактура,(6) 0101 белый ; (6) 0102 молочный ; (6) 0203 жёлтый ; (6) 0303 шафран ; (6) 0502 мандарин ; (6) 0601 лососевый ; (6) 0703 красный ; (6) 0805 т.мальва ; (6) 0901 бл.розовый ; (6) 0905 бордо ; (6) 1001 сирень ; (6) 1302 т.сирень ; (6) 1601 гол.джинс ; (6) 1603 т.голубой ; (6) 1604 синий ; (6) 2002 св.бирюза ; (6) 2102 весна ; (6) 2304 зеленый ; (6) 2501 салат ; (6) 2503 зелень ; (6) 3003 персик ; (6) 3203 ; (6) 3302 св.какао ; (6) 3704 кора ; (6) 3904 т.джинс ; (6) 4302 серый ; (6) 4303 ; (6) 4305 черный ; (6) 5103,"Рекомендуемый размер спиц: 2,0  3,0мм, крючок: №1,25  2,0. Стирка в тёплой воде (температура до 30 С).;Пряжа изготовлена изкачественного хлопка, очень приятна на ощупь, в вязке не слоится. Изделия из пряжи Фиалки не тянутся и не пружинят, однако получаются мягкими и приятными в носке. Поэтому подходит даже маленьким детям. Нить одинаково хороша как в гладком полотне, так и в узорах. Благодаря полному отсутствию блеска пряжа идеальна для летних подростковых и мужских моделей.",http://terrakot-yarn.ru/images/items/156/yarn156big.jpg ; http://terrakot-yarn.ru/images//items/156/yarn156.png,http://terrakot-yarn.ru/images/items/156/yarn156big.jpg, http://terrakot-yarn.ru/images//items/156/yarn156.png,20,2,10;10;10;10;10;10;10;10;10;10;10;10;10;10;10;10;10;1010;10;10;10;10;1010;10;10;10;10;10;10;10;10;10
1505-svet,http://terrakot-yarn.ru/1505_svetlana_wool_(svetlana_chsh)/,SVETLANA WOOL (Светлана ЧШ),340.0,210,Семёновская пряжа,Пряжа,Главная страница,,Gazzal,Gazzal,Состав:,"95% шерсть, 5% акрил",Метраж:,250 м,Вес мотка:,100,Вес упаковки:,1000 гр (10 мотков),Цена за 1 моток:,340.0,,,,http://terrakot-yarn.ru/images/items/1505/03838208.jpg ; http://terrakot-yarn.ru/images/items/1505/03848575.jpg ; http://terrakot-yarn.ru/images/items/1505/03848576.jpg ; http://terrakot-yarn.ru/images/items/1505/03841506.jpg,Фактура,"10255, SvetlanaWool, 1, черный ; 10255, SvetlanaWool, 1443, махагон ; 10255, SvetlanaWool, 25, суровый ; 10255, SvetlanaWool, 964, ультрабелый",,http://terrakot-yarn.ru/images/items/1505/yarn1505big.jpg ; http://terrakot-yarn.ru/images//items/1505/yarn1505.png,http://terrakot-yarn.ru/images/items/1505/yarn1505big.jpg, http://terrakot-yarn.ru/images//items/1505/yarn1505.png,20,2,10;10;10;10;10;10;10;10;10;10;10;10;10;10;10;10;10;1010;10;10;10;10;1010;10;10;10;10;10;10;10;10;10
45-hlopok,http://terrakot-yarn.ru/45_hlopok_naturalnyj/,Хлопок Натуральный,190.0,120,Пехорка,Пряжа,Главная страница,,Kartopu,Kartopu,Состав:,100% хлопок,Метраж:,425 м,Вес мотка:,100,Вес упаковки:,500 гр (5 мотков),Цена за 1 моток:,190.0,,,,http://terrakot-yarn.ru/images/items/45/03812338.jpg ; http://terrakot-yarn.ru/images/items/45/03812339.jpg ; http://terrakot-yarn.ru/images/items/45/03812340.jpg ; http://terrakot-yarn.ru/images/items/45/03812341.jpg ; http://terrakot-yarn.ru/images/items/45/03846762.jpg ; http://terrakot-yarn.ru/images/items/45/03815254.jpg ; http://terrakot-yarn.ru/images/items/45/03812342.jpg ; http://terrakot-yarn.ru/images/items/45/03838637.jpg ; http://terrakot-yarn.ru/images/items/45/03812343.jpg ; http://terrakot-yarn.ru/images/items/45/03812345.jpg ; http://terrakot-yarn.ru/images/items/45/03812346.jpg ; http://terrakot-yarn.ru/images/items/45/03846763.jpg ; http://terrakot-yarn.ru/images/items/45/03838641.jpg ; http://terrakot-yarn.ru/images/items/45/03815724.jpg ; http://terrakot-yarn.ru/images/items/45/03846448.jpg ; http://terrakot-yarn.ru/images/items/45/03815711.jpg ; http://terrakot-yarn.ru/images/items/45/03838642.jpg ; http://terrakot-yarn.ru/images/items/45/03846765.jpg ; http://terrakot-yarn.ru/images/items/45/03846766.jpg ; http://terrakot-yarn.ru/images/items/45/03812349.jpg ; http://terrakot-yarn.ru/images/items/45/03844564.jpg ; http://terrakot-yarn.ru/images/items/45/03851106.jpg ; http://terrakot-yarn.ru/images/items/45/03812350.jpg ; http://terrakot-yarn.ru/images/items/45/03812352.jpg ; http://terrakot-yarn.ru/images/items/45/03812351.jpg,Фактура,01 белый ; 02 чёрный ; 05 голубой ; 06 красный ; 07 бордо ; 11 яр.розовый ; 12 желток ; 124 песочный ; 161 мокко ; 166 суровый ; 178 св.сиреневый ; 191 ежевика ; 20 розовый ; 223 св.бирюза ; 251 коричневый ; 26 василек ; 272 вишня ; 283 лосось ; 284 оранжевый ; 35 маренго ; 393 св.маренго ; 439 малиновый ; 483 незрел.лимон ; 515 зел. бирюза ; 53 св.желтый ; 59 мышонок ; 599 увядшая роза ; 63 льдинка ; 65 экзотика,"Рекомендованный номер спиц: 2,0  2,5мм; крючка: №2,0  2,5.Бережная ручная стирка, max 30°C.;Пряжа имеет интересное переплетение, за счет этого красиво ложится в изделии. Приятная к телу. Не вызывает аллергии. Пряжа идеально подходит для вязания летних платьев, сарафанов, туник, подойдет так же для детских изделий.",http://terrakot-yarn.ru/images/items/45/yarn45big.jpg ; http://terrakot-yarn.ru/images//items/45/yarn45.png,http://terrakot-yarn.ru/images/items/45/yarn45big.jpg, http://terrakot-yarn.ru/images//items/45/yarn45.png,20,2,10;10;10;10;10;10;10;10;10;10;10;10;10;10;10;10;10;1010;10;10;10;10;1010;10;10;10;10;10;10;10;10;10
128-svetl,http://terrakot-yarn.ru/128_svetlana_(svetlana_psh)/,Svetlana (Светлана ПШ),270.0,167,Семёновская пряжа,Пряжа,Главная страница,,Kutnor,Kutnor,Состав:,"50% шерсть, 50% акрил",Метраж:,250 м,Вес мотка:,100,Вес упаковки:,1000 гр (10 мотков),Цена за 1 моток:,270.0,,,,http://terrakot-yarn.ru/images/items/128/03828105.jpg ; http://terrakot-yarn.ru/images/items/128/03828633.jpg ; http://terrakot-yarn.ru/images/items/128/03832009.jpg ; http://terrakot-yarn.ru/images/items/128/03828614.jpg ; http://terrakot-yarn.ru/images/items/128/03828621.jpg ; http://terrakot-yarn.ru/images/items/128/03833890.jpg ; http://terrakot-yarn.ru/images/items/128/03834412.jpg ; http://terrakot-yarn.ru/images/items/128/03828620.jpg ; http://terrakot-yarn.ru/images/items/128/03841452.jpg ; http://terrakot-yarn.ru/images/items/128/03834732.jpg ; http://terrakot-yarn.ru/images/items/128/03833566.jpg ; http://terrakot-yarn.ru/images/items/128/03833892.jpg ; http://terrakot-yarn.ru/images/items/128/03835654.jpg ; http://terrakot-yarn.ru/images/items/128/03834733.jpg ; http://terrakot-yarn.ru/images/items/128/03835653.jpg ; http://terrakot-yarn.ru/images/items/128/03837210.jpg ; http://terrakot-yarn.ru/images/items/128/03828623.jpg ; http://terrakot-yarn.ru/images/items/128/03828630.jpg ; http://terrakot-yarn.ru/images/items/128/03833894.jpg ; http://terrakot-yarn.ru/images/items/128/03830041.jpg ; http://terrakot-yarn.ru/images/items/128/03828615.jpg ; http://terrakot-yarn.ru/images/items/128/03845808.jpg ; http://terrakot-yarn.ru/images/items/128/03834410.jpg ; http://terrakot-yarn.ru/images/items/128/03837213.jpg ; http://terrakot-yarn.ru/images/items/128/03828619.jpg ; http://terrakot-yarn.ru/images/items/128/03832008.jpg ; http://terrakot-yarn.ru/images/items/128/03828628.jpg ; http://terrakot-yarn.ru/images/items/128/03828629.jpg ; http://terrakot-yarn.ru/images/items/128/03837208.jpg ; http://terrakot-yarn.ru/images/items/128/03851417.jpg ; http://terrakot-yarn.ru/images/items/128/03846908.jpg ; http://terrakot-yarn.ru/images/items/128/03848604.jpg ; http://terrakot-yarn.ru/images/items/128/03845806.jpg ; http://terrakot-yarn.ru/images/items/128/03844926.jpg ; http://terrakot-yarn.ru/images/items/128/03847368.jpg ; http://terrakot-yarn.ru/images/items/128/03845805.jpg ; http://terrakot-yarn.ru/images/items/128/03847937.jpg ; http://terrakot-yarn.ru/images/items/128/03847367.jpg ; http://terrakot-yarn.ru/images/items/128/03844924.jpg ; http://terrakot-yarn.ru/images/items/128/03837212.jpg ; http://terrakot-yarn.ru/images/items/128/03833895.jpg ; http://terrakot-yarn.ru/images/items/128/03839799.jpg ; http://terrakot-yarn.ru/images/items/128/03833035.jpg ; http://terrakot-yarn.ru/images/items/128/03828104.jpg,Фактура,"10198, Svetlana, 1, черный ; 10198, Svetlana, 10, фисташк ; 10198, Svetlana, 10968, гвозд_NEW ; 10198, Svetlana, 122, зел.ябл ; 10198, Svetlana, 13, бордо ; 10198, Svetlana, 13378, какао_NEW ; 10198, Svetlana, 13389, кофе_NEW ; 10198, Svetlana, 139, орхидея ; 10198, Svetlana, 1437, зел.янтарь ; 10198, Svetlana, 1441, т.орхидея ; 10198, Svetlana, 1443, махагон ; 10198, Svetlana, 154, абрикос ; 10198, Svetlana, 171, гвоздика ; 10198, Svetlana, 180, василёк ; 10198, Svetlana, 20, розовый ; 10198, Svetlana, 213, кармин ; 10198, Svetlana, 215, георгин ; 10198, Svetlana, 216, канарейка ; 10198, Svetlana, 219, т.золото ; 10198, Svetlana, 233, речн.жемчуг ; 10198, Svetlana, 245, т.маренго ; 10198, Svetlana, 25, суровый ; 10198, Svetlana, 28, песочн. ; 10198, Svetlana, 3, голубой ; 10198, Svetlana, 331, матр.син ; 10198, Svetlana, 343, айсберг ; 10198, Svetlana, 345, липа ; 10198, Svetlana, 42, маренго ; 10198, Svetlana, 51, бруснич ; 10198, Svetlana, 54027, колок_NEW ; 10198, Svetlana, 56, стальн. ; 10198, Svetlana, 62, т.зелёный ; 10198, Svetlana, 670, морков. ; 10198, Svetlana, 70015, террак_v2 ; 10198, Svetlana, 70021, т.корал_v2 ; 10198, Svetlana, 70027, мор.вол_v2 ; 10198, Svetlana, 70039, изумр_v2 ; 10198, Svetlana, 70050, фуксия_v2 ; 10198, Svetlana, 70158, флокс_v2 ; 10198, Svetlana, 70220, астра_v2 ; 10198, Svetlana, 70666, кофе_v2 ; 10198, Svetlana, 70920, зел.бир_v2 ; 10198, Svetlana, 71130, ангора_v2 ; 10198, Svetlana, 772, шампанск. ; 10198, Svetlana, 79, ярк.роз. ; 10198, Svetlana, 951, графит ; 10198, Svetlana, 955, гиацинт ; 10198, Svetlana, 964, ультрабелый","Рекомендованный номер спиц: 3,0  3,5мм; крючка: №3,0  3,5. Бережная ручная стирка, max 30°C.;;;Полушерстяная пряжа ""Светлана"" предназначена, в первую очередь, для вязания практичной одежды  свитеров, кофт или жакетов. В вещах, связанных из пряжи ""Светлана"" Вам будет комфортно и тепло. Полушерстяная пряжа – самая износостойкая и практичная. Связанные из нее вещи долго сохраняют форму, стираются легко, сохнут быстро, а носятся с удовольствием. Из объемной пряжи можно за несколько дней связать удобный кардиганплед. А если украсить его рельефными косами, помпонами или кистями – гардероб пополнится яркой, ультрамодной вещью. Прекрасно смотрятся и другие хиты, связанные из этой пряжи: пальто, свободные свитера, объемные шарфы и жилеты со всевозможными узорами.",http://terrakot-yarn.ru/images/items/128/yarn128big.jpg ; http://terrakot-yarn.ru/images//items/128/yarn128.png,http://terrakot-yarn.ru/images/items/128/yarn128big.jpg, http://terrakot-yarn.ru/images//items/128/yarn128.png,20,2,10;10;10;10;10;10;10;10;10;10;10;10;10;10;10;10;10;1010;10;10;10;10;1010;10;10;10;10;10;10;10;10;10
1470-smes,http://terrakot-yarn.ru/1470_smesovaja/,СМЕСОВАЯ,250.0,157,Пехорка,Пряжа,Главная страница,,Lanoso,Lanoso,Состав:,"30% шерсть, 70% высокообъемный акрил",Метраж:,200 м,Вес мотка:,200,Вес упаковки:,1000 гр (5 мотков),Цена за 1 моток:,250.0,,,,,Фактура,Смесовая 02 черный ; Смесовая 711 т.антрацит,"Экологичная регенерированная пряжа, выработана на основе вторичного сырья. Расцветка меланжевая с цветными вкраплениями.",http://terrakot-yarn.ru/images/items/1470/yarn1470big.jpg ; http://terrakot-yarn.ru/images//items/1470/yarn1470.png,http://terrakot-yarn.ru/images/items/1470/yarn1470big.jpg, http://terrakot-yarn.ru/images//items/1470/yarn1470.png,20,2,10;10;10;10;10;10;10;10;10;10;10;10;10;10;10;10;10;1010;10;10;10;10;1010;10;10;10;10;10;10;10;10;10
44-uspesh,http://terrakot-yarn.ru/44_uspeshnaja/,Успешная,110.0,70,Пехорка,Пряжа,Главная страница,,Magic,Magic,Состав:,100% мерсеризованный хлопок,Метраж:,220 м,Вес мотка:,50,Вес упаковки:,500 гр (10 мотков),Цена за 1 моток:,110.0,,,,http://terrakot-yarn.ru/images/items/44/03811240.jpg ; http://terrakot-yarn.ru/images/items/44/03839300.jpg ; http://terrakot-yarn.ru/images/items/44/03807578.jpg ; http://terrakot-yarn.ru/images/items/44/03811628.jpg ; http://terrakot-yarn.ru/images/items/44/03811629.jpg ; http://terrakot-yarn.ru/images/items/44/03839301.jpg ; http://terrakot-yarn.ru/images/items/44/03815708.jpg ; http://terrakot-yarn.ru/images/items/44/03811239.jpg ; http://terrakot-yarn.ru/images/items/44/03824018.jpg ; http://terrakot-yarn.ru/images/items/44/03823026.jpg ; http://terrakot-yarn.ru/images/items/44/03811238.jpg ; http://terrakot-yarn.ru/images/items/44/03807583.jpg ; http://terrakot-yarn.ru/images/items/44/03807581.jpg ; http://terrakot-yarn.ru/images/items/44/03816161.jpg ; http://terrakot-yarn.ru/images/items/44/03811237.jpg ; http://terrakot-yarn.ru/images/items/44/03807582.jpg ; http://terrakot-yarn.ru/images/items/44/03839302.jpg ; http://terrakot-yarn.ru/images/items/44/03811236.jpg ; http://terrakot-yarn.ru/images/items/44/03823027.jpg ; http://terrakot-yarn.ru/images/items/44/03811235.jpg ; http://terrakot-yarn.ru/images/items/44/03839303.jpg ; http://terrakot-yarn.ru/images/items/44/03839304.jpg ; http://terrakot-yarn.ru/images/items/44/03815709.jpg ; http://terrakot-yarn.ru/images/items/44/03816162.jpg ; http://terrakot-yarn.ru/images/items/44/03807580.jpg ; http://terrakot-yarn.ru/images/items/44/03845280.jpg ; http://terrakot-yarn.ru/images/items/44/03839305.jpg ; http://terrakot-yarn.ru/images/items/44/03807579.jpg ; http://terrakot-yarn.ru/images/items/44/03811234.jpg ; http://terrakot-yarn.ru/images/items/44/03850047.jpg,Фактура,02 чёрный ; 04 т.синий ; 05 голубой ; 06 красный ; 07 бордо ; 08 св.серый ; 09 зел.яблоко ; 15 т.голубой ; 165 т.бежевый ; 174 стальной ; 178 св.сиреневый ; 179 фиалка ; 18 персик ; 194 рыжик ; 21 брусника ; 223 св.бирюза ; 26 василек ; 284 оранжевый ; 285 морковь ; 29 розовая сирень ; 393 св.маренго ; 411 мята ; 416 св.коричневый ; 439 малиновый ; 480 яр.зелень ; 483 незрел.лимон ; 511 зеленка ; 74 крокус ; 787 марсала ; 80 канарейка ; 87 т.лиловый ; 918 хвоя,"Рекомендованный номер спиц: 2,0мм; крючка: №1,7  2,0.Бережная ручная стирка, max 30°C.;Пряжа выработана по итальянской технологии, имеет яркие насыщенные цвета. Имеет блеск ниточки, за счет мерсеризации.",http://terrakot-yarn.ru/images/items/44/yarn44big.jpg ; http://terrakot-yarn.ru/images//items/44/yarn44.png,http://terrakot-yarn.ru/images/items/44/yarn44big.jpg, http://terrakot-yarn.ru/images//items/44/yarn44.png,20,2,10;10;10;10;10;10;10;10;10;10;10;10;10;10;10;10;10;1010;10;10;10;10;1010;10;10;10;10;10;10;10;10;10
64-peruan,http://terrakot-yarn.ru/64_peruanskaja_alpaka/,Перуанская Альпака,290.0,182,Пехорка,Пряжа,Главная страница,,Modo,Modo,Состав:,"50% мериносовая шерсть, 50% альпака",Метраж:,150 м,Вес мотка:,50,Вес упаковки:,500 гр (10 мотков),Цена за 1 моток:,290.0,,,,http://terrakot-yarn.ru/images/items/64/00006480.jpg ; http://terrakot-yarn.ru/images/items/64/00006483.jpg ; http://terrakot-yarn.ru/images/items/64/03832311.jpg ; http://terrakot-yarn.ru/images/items/64/00006489.jpg ; http://terrakot-yarn.ru/images/items/64/03833750.jpg,Фактура,01 белый ; 173 грильяж ; 251 коричневый ; 379 св.брусника ; 410 сиреневый туман ; 579 св.кофейный ; 878 терракот,"Рекомендованный номер спиц: 2,5  3,5мм; крючка: №2,0  3,0.Бережная ручная стирка, max 30°C.;""Перуанская альпака""  пряжа премиум класса. Необычайно мягкая и легкая. Идеальное сочетание мериносовой шерсти и альпаки. Изделия дарят коже теплоту и мягкость.;;      ",http://terrakot-yarn.ru/images/items/64/yarn64big.jpg ; http://terrakot-yarn.ru/images//items/64/yarn64.png,http://terrakot-yarn.ru/images/items/64/yarn64big.jpg, http://terrakot-yarn.ru/images//items/64/yarn64.png,20,2,10;10;10;10;10;10;10;10;10;10;10;10;10;10;10;10;10;1010;10;10;10;10;1010;10;10;10;10;10;10;10;10;10
513-sever,http://terrakot-yarn.ru/513_severnaja/,Северная,none,none,Пехорка,Пряжа,Главная страница,,Nako,Nako,Состав:,"30% ангора, 30% полутонкая шерсть, 40% высокообъёмный акрил",Метраж:,50 м,Вес мотка:,50,Вес упаковки:,500 гр (10 мотков),Цена за 1 моток:,150.0,,,130.0,http://terrakot-yarn.ru/images/items/513/03829114.jpg ; http://terrakot-yarn.ru/images/items/513/03829120.jpg ; http://terrakot-yarn.ru/images/items/513/03829121.jpg ; http://terrakot-yarn.ru/images/items/513/03844871.jpg ; http://terrakot-yarn.ru/images/items/513/03829492.jpg ; http://terrakot-yarn.ru/images/items/513/03829123.jpg ; http://terrakot-yarn.ru/images/items/513/03844552.jpg ; http://terrakot-yarn.ru/images/items/513/03829494.jpg ; http://terrakot-yarn.ru/images/items/513/03850038.jpg ; http://terrakot-yarn.ru/images/items/513/03833759.jpg ; http://terrakot-yarn.ru/images/items/513/03829125.jpg ; http://terrakot-yarn.ru/images/items/513/03833071.jpg ; http://terrakot-yarn.ru/images/items/513/03829126.jpg ; http://terrakot-yarn.ru/images/items/513/03829127.jpg,Фактура,01 белый ; 251 коричневый ; 256 св.джинса ; 335 изумруд ; 389 св.фиалка ; 442 натуральный ; 447 горчица ; 448 св.оливковый ; 45 т.бирюза ; 478 защитный ; 496 яр.сирень ; 71 талая вода ; 75 жёлтая роза ; 82 св.ликёр,"Рекомендованный номер спиц: 4,5  6,0мм; крючка: №4,0  6,0.Бережная ручная стирка, max 30°C.;Пряжа ""Северна"" имеет объемную круточку, изделия вяжутся легко и быстро. Изделия, связанные из этой пряжи, будут согревать Вас своим теплом холодными зимними днями.",http://terrakot-yarn.ru/images/items/513/yarn513big.jpg ; http://terrakot-yarn.ru/images//items/513/yarn513.png,http://terrakot-yarn.ru/images/items/513/yarn513big.jpg, http://terrakot-yarn.ru/images//items/513/yarn513.png,20,2,10;10;10;10;10;10;10;10;10;10;10;10;10;10;10;10;10;1010;10;10;10;10;1010;10;10;10;10;10;10;10;10;10
54-populj,http://terrakot-yarn.ru/54_populjarnaja/,Популярная,220.0,137,Пехорка,Пряжа,Главная страница,,Ornaghi,Ornaghi,Состав:,"50% шерсть, 45% акрил, 5% акрил высокообъёмный",Метраж:,133 м,Вес мотка:,100,Вес упаковки:,1000 гр (10 мотков),Цена за 1 моток:,220.0,,,,http://terrakot-yarn.ru/images/items/54/00006658.jpg ; http://terrakot-yarn.ru/images/items/54/00006659.jpg ; http://terrakot-yarn.ru/images/items/54/00006662.jpg ; http://terrakot-yarn.ru/images/items/54/00006663.jpg ; http://terrakot-yarn.ru/images/items/54/00006664.jpg ; http://terrakot-yarn.ru/images/items/54/03808282.jpg ; http://terrakot-yarn.ru/images/items/54/00006668.jpg ; http://terrakot-yarn.ru/images/items/54/00006669.jpg ; http://terrakot-yarn.ru/images/items/54/03808283.jpg ; http://terrakot-yarn.ru/images/items/54/00006676.jpg ; http://terrakot-yarn.ru/images/items/54/03811626.jpg ; http://terrakot-yarn.ru/images/items/54/03825374.jpg ; http://terrakot-yarn.ru/images/items/54/03837658.jpg ; http://terrakot-yarn.ru/images/items/54/00006693.jpg ; http://terrakot-yarn.ru/images/items/54/03808286.jpg ; http://terrakot-yarn.ru/images/items/54/00006695.jpg ; http://terrakot-yarn.ru/images/items/54/00006696.jpg ; http://terrakot-yarn.ru/images/items/54/03836431.jpg ; http://terrakot-yarn.ru/images/items/54/03828280.jpg ; http://terrakot-yarn.ru/images/items/54/03836432.jpg ; http://terrakot-yarn.ru/images/items/54/03810006.jpg ; http://terrakot-yarn.ru/images/items/54/03832314.jpg ; http://terrakot-yarn.ru/images/items/54/00380191.jpg ; http://terrakot-yarn.ru/images/items/54/03814317.jpg ; http://terrakot-yarn.ru/images/items/54/03836433.jpg ; http://terrakot-yarn.ru/images/items/54/03813890.jpg ; http://terrakot-yarn.ru/images/items/54/03805610.jpg ; http://terrakot-yarn.ru/images/items/54/03813344.jpg,Фактура,01 белый ; 02 чёрный ; 05 голубой ; 06 красный ; 07 бордо ; 119 горох ; 12 желток ; 13 т.оливковый ; 195 незабудка ; 21 брусника ; 274 серобежевый ; 276 перламутр ; 335 изумруд ; 382 яр.саванна ; 389 св.фиалка ; 393 св.маренго ; 410 сиреневый туман ; 412 верблюжий ; 42 слива ; 43 суровый лён ; 439 малиновый ; 447 горчица ; 45 т.бирюза ; 480 яр.зелень ; 491 ультрамарин ; 520 голубая пролеска ; 582 св.фуксия ; 585 графит ; 698 т.фиолетовый ; 73 айсберг ; 78 фиолетовый ; 87 т.лиловый,"Рекомендованный номер спиц: 5,0  6,0мм; крючка: №5,0  6,0.Бережная ручная стирка, max 30°C.;Пряжа предназначена для вязания объемных, зимних свитеров, шапок, джемперов. За счет объемного акрила изделия приобретают структурные узоры. Пряжа подойдет для начинающих вязальщиц, результат будет виден уже через несколько часов вязания.",http://terrakot-yarn.ru/images/items/54/yarn54big.jpg ; http://terrakot-yarn.ru/images//items/54/yarn54.png,http://terrakot-yarn.ru/images/items/54/yarn54big.jpg, http://terrakot-yarn.ru/images//items/54/yarn54.png,20,2,10;10;10;10;10;10;10;10;10;10;10;10;10;10;10;10;10;1010;10;10;10;10;1010;10;10;10;10;10;10;10;10;10
50-perspe,http://terrakot-yarn.ru/50_perspektivnaja/,Перспективная,280.0,172,Пехорка,Пряжа,Главная страница,,Seam,Seam,Состав:,"50% мериносовая шерсть, 50% акрил высокообъёмный",Метраж:,270 м,Вес мотка:,100,Вес упаковки:,500 гр (5 мотков),Цена за 1 моток:,280.0,,,,http://terrakot-yarn.ru/images/items/50/03837624.jpg ; http://terrakot-yarn.ru/images/items/50/03837625.jpg ; http://terrakot-yarn.ru/images/items/50/03843059.jpg ; http://terrakot-yarn.ru/images/items/50/03850034.jpg ; http://terrakot-yarn.ru/images/items/50/03851103.jpg ; http://terrakot-yarn.ru/images/items/50/03844541.jpg ; http://terrakot-yarn.ru/images/items/50/03837629.jpg ; http://terrakot-yarn.ru/images/items/50/03837630.jpg ; http://terrakot-yarn.ru/images/items/50/03837632.jpg ; http://terrakot-yarn.ru/images/items/50/03837633.jpg ; http://terrakot-yarn.ru/images/items/50/03843359.jpg ; http://terrakot-yarn.ru/images/items/50/03837635.jpg ; http://terrakot-yarn.ru/images/items/50/03850035.jpg ; http://terrakot-yarn.ru/images/items/50/03842415.jpg ; http://terrakot-yarn.ru/images/items/50/03844543.jpg ; http://terrakot-yarn.ru/images/items/50/03837636.jpg ; http://terrakot-yarn.ru/images/items/50/03843360.jpg ; http://terrakot-yarn.ru/images/items/50/03844544.jpg ; http://terrakot-yarn.ru/images/items/50/03837639.jpg ; http://terrakot-yarn.ru/images/items/50/03844546.jpg ; http://terrakot-yarn.ru/images/items/50/03843751.jpg ; http://terrakot-yarn.ru/images/items/50/03852310.jpg ; http://terrakot-yarn.ru/images/items/50/03852967.jpg ; http://terrakot-yarn.ru/images/items/50/03837642.jpg ; http://terrakot-yarn.ru/images/items/50/03837644.jpg ; http://terrakot-yarn.ru/images/items/50/03844550.jpg ; http://terrakot-yarn.ru/images/items/50/03843060.jpg ; http://terrakot-yarn.ru/images/items/50/03843361.jpg ; http://terrakot-yarn.ru/images/items/50/03837650.jpg,Фактура,01 белый ; 02 черный ; 05 голубой ; 10 тайга ; 1011 гортензия ; 11 ярк.розовый ; 12 желток ; 14 мор.волна ; 173 грильяж ; 174 стальной ; 194 рыжик ; 22 сирень ; 242 гжель ; 255 джинсовый ; 266 ликёр ; 274 серобежевый ; 30 св.терракот ; 324 св.азалия ; 335 изумруд ; 378 герань ; 389 св.фиалка ; 396 настурция ; 410 сиреневый туман ; 414 меланж ; 43 суровый лен ; 447 горчица ; 583 бирюза ; 71 талая вода ; 795 ярк.синий ; 91 кармин ; 98 лесн.колокол.,"Рекомендованный номер спиц: 3,0  3,5мм; крючка: №3,0  3,5.Бережная ручная стирка, max 30°C.;Пряжа ""Перспективная"" необычайной мягкости нитка. В составе 50% мериносовой шерсти, что делает нить теплой и неколючей, акрил придает прочности и объема. Многокруточная пряжа. Пряжа выполняет функцию теплообмена, кожа в таких изделиях дышит и не перегревается.",http://terrakot-yarn.ru/images/items/50/yarn50big.jpg ; http://terrakot-yarn.ru/images//items/50/yarn50.png,http://terrakot-yarn.ru/images/items/50/yarn50big.jpg, http://terrakot-yarn.ru/images//items/50/yarn50.png,20,2,10;10;10;10;10;10;10;10;10;10;10;10;10;10;10;10;10;1010;10;10;10;10;1010;10;10;10;10;10;10;10;10;10
63-ovechj,http://terrakot-yarn.ru/63_ovechja_sherst/,Овечья Шерсть,180.0,112,Пехорка,Пряжа,Главная страница,,VENTO d_ITALIA,VENTO d_ITALIA,Состав:,100% шерсть,Метраж:,200 м,Вес мотка:,100,Вес упаковки:,1000 гр (10 мотков),Цена за 1 моток:,180.0,,,,http://terrakot-yarn.ru/images/items/63/03812222.jpg ; http://terrakot-yarn.ru/images/items/63/03804339.jpg ; http://terrakot-yarn.ru/images/items/63/03804338.jpg ; http://terrakot-yarn.ru/images/items/63/03804340.jpg,Фактура,166 суровый ; 371 натуральный серый ; 372 натур.тёмно-серый ; 530 светл.натуральный,"Рекомендованный номер спиц: 2,5  3,5мм; крючка: №2,0  3,0.Бережная ручная стирка, max 30°C.;Овечья шерсть хорошо подходит для вязания носков, она дольше сохраняет тепло, не намокает, выполняет функцию теплообмена. Изделия получаются прочными, теплыми.",http://terrakot-yarn.ru/images/items/63/yarn63big.jpg ; http://terrakot-yarn.ru/images//items/63/yarn63.png,http://terrakot-yarn.ru/images/items/63/yarn63big.jpg, http://terrakot-yarn.ru/images//items/63/yarn63.png,20,2,10;10;10;10;10;10;10;10;10;10;10;10;10;10;10;10;10;1010;10;10;10;10;1010;10;10;10;10;10;10;10;10;10
1534-sekr,http://terrakot-yarn.ru/1534_sekret_uspeha/,СЕКРЕТ УСПЕХА,290.0,182,Пехорка,Пряжа,Главная страница,,Vita,Vita,Состав:,100% шерсть,Метраж:,250 м,Вес мотка:,100,Вес упаковки:,1000 гр (10 мотков),Цена за 1 моток:,290.0,,,,http://terrakot-yarn.ru/images/items/1534/03818316.jpg ; http://terrakot-yarn.ru/images/items/1534/03818317.jpg ; http://terrakot-yarn.ru/images/items/1534/03854970.jpg ; http://terrakot-yarn.ru/images/items/1534/03854971.jpg ; http://terrakot-yarn.ru/images/items/1534/03854972.jpg ; http://terrakot-yarn.ru/images/items/1534/03818318.jpg ; http://terrakot-yarn.ru/images/items/1534/03854973.jpg ; http://terrakot-yarn.ru/images/items/1534/03858253.jpg ; http://terrakot-yarn.ru/images/items/1534/03854974.jpg ; http://terrakot-yarn.ru/images/items/1534/03818321.jpg ; http://terrakot-yarn.ru/images/items/1534/03854848.jpg ; http://terrakot-yarn.ru/images/items/1534/03854975.jpg ; http://terrakot-yarn.ru/images/items/1534/03854977.jpg ; http://terrakot-yarn.ru/images/items/1534/03854978.jpg ; http://terrakot-yarn.ru/images/items/1534/03818325.jpg ; http://terrakot-yarn.ru/images/items/1534/03818326.jpg ; http://terrakot-yarn.ru/images/items/1534/03818327.jpg,Фактура,Секрет Успеха 01 белый ; Секрет Успеха 02 чёрный ; Секрет Успеха 05 голубой ; Секрет Успеха 156 индиго ; Секрет Успеха 161 мокко ; Секрет Успеха 163 миндальный ; Секрет Успеха 191 ежевика ; Секрет Успеха 251 коричневый ; Секрет Успеха 266 ликер ; Секрет Успеха 326 зелен.чай ; Секрет Успеха 333 черничное мороженое ; Секрет Успеха 342 св.горох ; Секрет Успеха 363 св.вишня ; Секрет Успеха 412 верблюжий ; Секрет Успеха 447 горчица ; Секрет Успеха 470 яркий амарант ; Секрет Успеха 487 красное дерево ; Секрет Успеха 573 т.изумруд ; Секрет Успеха 591 лагуна ; Секрет Успеха 78 фиолетовый ; Секрет Успеха 89 фрез ; Секрет Успеха 95 океан ; Секрет Успеха 98 лесной колокольчик,,http://terrakot-yarn.ru/images/items/1534/yarn1534big.jpg ; http://terrakot-yarn.ru/images//items/1534/yarn1534.png,http://terrakot-yarn.ru/images/items/1534/yarn1534big.jpg, http://terrakot-yarn.ru/images//items/1534/yarn1534.png,20,2,10;10;10;10;10;10;10;10;10;10;10;10;10;10;10;10;10;1010;10;10;10;10;1010;10;10;10;10;10;10;10;10;10
437-udach,http://terrakot-yarn.ru/437_udachnyj_vybor/,Удачный выбор,160.0,98,Пехорка,Пряжа,Главная страница,,YarnArt,YarnArt,Состав:,100% акрил высокообъёмный,Метраж:,200 м,Вес мотка:,100,Вес упаковки:,500 гр (5 мотков),Цена за 1 моток:,160.0,,,,http://terrakot-yarn.ru/images/items/437/03846781.jpg ; http://terrakot-yarn.ru/images/items/437/03846782.jpg ; http://terrakot-yarn.ru/images/items/437/03846784.jpg ; http://terrakot-yarn.ru/images/items/437/03846785.jpg ; http://terrakot-yarn.ru/images/items/437/03846786.jpg ; http://terrakot-yarn.ru/images/items/437/03846787.jpg ; http://terrakot-yarn.ru/images/items/437/03846792.jpg ; http://terrakot-yarn.ru/images/items/437/03846793.jpg,Фактура,Удачный Выбор 02 черный ; Удачный Выбор 04 т.синий ; Удачный Выбор 05 голубой ; Удачный Выбор 06 красный ; Удачный Выбор 11 ярк.розовый ; Удачный Выбор 12 желток ; Удачный Выбор 124 песочный ; Удачный Выбор 14 морская волна ; Удачный Выбор 163 миндаль ; Удачный Выбор 166 суровый ; Удачный Выбор 191 ежевика ; Удачный Выбор 21 брусника ; Удачный Выбор 22 сирень ; Удачный Выбор 240 новый розовый ; Удачный Выбор 242 гжель ; Удачный Выбор 259 осенний лист ; Удачный Выбор 26 василек ; Удачный Выбор 29 розовая сирень ; Удачный Выбор 323 т.бордо ; Удачный Выбор 363 св.вишня ; Удачный Выбор 377 кофейный ; Удачный Выбор 412 верблюжий ; Удачный Выбор 45 т.бирюза ; Удачный Выбор 583 бирюза ; Удачный Выбор 716 свинцовый ; Удачный Выбор 76 розовый бутон ; Удачный Выбор 87 т.лиловый ; Удачный Выбор 88 красный мак ; Удачный Выбор 93 азалия ; Удачный Выбор 96 серый меланж,"Рекомендованный номер спиц: 3,5  4,5мм; крючка: №3,5  4,5.Бережная ручная стирка, max 30°C.;Пряжа по своим свойствам очень мягкая, объемная, не вызывает аллергии, поэтому подойдет для людей даже с очень чувствительной кожей. Объемная крутка позволит получить результат быстро. Легко распускается, не пушится и не скатывается.",http://terrakot-yarn.ru/images/items/437/yarn437big.jpg ; http://terrakot-yarn.ru/images//items/437/yarn437.png,http://terrakot-yarn.ru/images/items/437/yarn437big.jpg, http://terrakot-yarn.ru/images//items/437/yarn437.png,20,2,10;10;10;10;10;10;10;10;10;10;10;10;10;10;10;10;10;1010;10;10;10;10;1010;10;10;10;10;10;10;10;10;10
67-nosoch,http://terrakot-yarn.ru/67_nosochnaja/,Носочная,170.0,104,Пехорка,Пряжа,Главная страница,,,,Состав:,"50% шерсть, 50% акрил",Метраж:,200 м,Вес мотка:,100,Вес упаковки:,1000 гр (10 мотков),Цена за 1 моток:,170.0,,,,http://terrakot-yarn.ru/images/items/67/03855944.jpg ; http://terrakot-yarn.ru/images/items/67/03823680.jpg,Фактура,09 зеленое яблоко ; 1143 розовый меланж ; 191 ежевика ; 21 брусника ; 255 джинсовый ; 256 св.джинса ; 273 шторм ; 274 серобежевый ; 34 золото ; 381 лавр ; 816 красный меланж ; 96 серый меланж,,http://terrakot-yarn.ru/images/items/67/yarn67big.jpg ; http://terrakot-yarn.ru/images//items/67/yarn67.png,http://terrakot-yarn.ru/images/items/67/yarn67big.jpg, http://terrakot-yarn.ru/images//items/67/yarn67.png,20,2,10;10;10;10;10;10;10;10;10;10;10;10;10;10;10;10;10;1010;10;10;10;10;1010;10;10;10;10;10;10;10;10;10
70-narodn,http://terrakot-yarn.ru/70_narodnaja/,Народная,200.0,128,Пехорка,Пряжа,Главная страница,,,,Состав:,"30% шерсть, 70% акрил",Метраж:,220 м,Вес мотка:,100,Вес упаковки:,500 гр (5 мотков),Цена за 1 моток:,200.0,,,,http://terrakot-yarn.ru/images/items/70/03820177.jpg ; http://terrakot-yarn.ru/images/items/70/03825718.jpg ; http://terrakot-yarn.ru/images/items/70/03825359.jpg ; http://terrakot-yarn.ru/images/items/70/03857328.jpg ; http://terrakot-yarn.ru/images/items/70/03825360.jpg ; http://terrakot-yarn.ru/images/items/70/03855936.jpg ; http://terrakot-yarn.ru/images/items/70/03825362.jpg ; http://terrakot-yarn.ru/images/items/70/03820179.jpg ; http://terrakot-yarn.ru/images/items/70/03855937.jpg ; http://terrakot-yarn.ru/images/items/70/03841671.jpg ; http://terrakot-yarn.ru/images/items/70/03843052.jpg ; http://terrakot-yarn.ru/images/items/70/03825365.jpg ; http://terrakot-yarn.ru/images/items/70/03855939.jpg ; http://terrakot-yarn.ru/images/items/70/03820180.jpg ; http://terrakot-yarn.ru/images/items/70/03825368.jpg ; http://terrakot-yarn.ru/images/items/70/03825367.jpg ; http://terrakot-yarn.ru/images/items/70/03843053.jpg ; http://terrakot-yarn.ru/images/items/70/03843055.jpg ; http://terrakot-yarn.ru/images/items/70/03842578.jpg ; http://terrakot-yarn.ru/images/items/70/03825370.jpg ; http://terrakot-yarn.ru/images/items/70/03855941.jpg ; http://terrakot-yarn.ru/images/items/70/03843057.jpg ; http://terrakot-yarn.ru/images/items/70/03857333.jpg ; http://terrakot-yarn.ru/images/items/70/03825372.jpg ; http://terrakot-yarn.ru/images/items/70/03820181.jpg,Фактура,01 белый ; 02 черный ; 04 т.синий ; 07 бордо ; 08 св.серый ; 117 киви ; 118 подсолнух ; 14 морская волна ; 165 т.бежевый ; 17 шоколад ; 20 розовый ; 21 брусника ; 223 св.бирюза ; 255 джинсовый ; 266 ликер ; 279 шампанское ; 30 св.терракот ; 329 лаванда ; 335 изумруд ; 351 св.коралл ; 393 св.маренго ; 42 слива ; 420 арктика ; 43 суровый лен ; 430 св.беж ; 439 малиновый ; 447 горчица ; 45 т.бирюза ; 491 ультрамарин ; 571 синий ; 573 т.изумруд ; 58 коралл ; 599 увядшая роза ; 78 фиолетовый ; 88 красный мак ; 887 орех,"Рекомендованный номер спиц: 3,0  3,5мм; крючка: №2,5  3,0.Бережная ручная стирка, max 30°C.;Пряжа ""Народная""  пряжа экономкласса. Любое изделие, связанное из этой пряжи , будет радовать своего владельца теплотой и мягкостью, будь то это шапки или шарфы, кофты или носки.",http://terrakot-yarn.ru/images/items/70/yarn70big.jpg ; http://terrakot-yarn.ru/images//items/70/yarn70.png,http://terrakot-yarn.ru/images/items/70/yarn70big.jpg, http://terrakot-yarn.ru/images//items/70/yarn70.png,20,2,10;10;10;10;10;10;10;10;10;10;10;10;10;10;10;10;10;1010;10;10;10;10;1010;10;10;10;10;10;10;10;10;10
53-mongol,http://terrakot-yarn.ru/53_mongolskij_verbljud/,Монгольский Верблюд,210.0,134,Пехорка,Пряжа,Главная страница,,,,Состав:,"50% верблюжья шерсть, 50% ПАН высокообъёмный",Метраж:,300 м,Вес мотка:,100,Вес упаковки:,1000 гр (10 мотков),Цена за 1 моток:,210.0,,,,http://terrakot-yarn.ru/images/items/53/03815224.jpg ; http://terrakot-yarn.ru/images/items/53/03814626.jpg ; http://terrakot-yarn.ru/images/items/53/03813341.jpg,Фактура,165 т.бежевый ; 371 натур.серый ; 372 натур.т.серый,"Рекомендованный номер спиц: 3,0  3,5мм; крючка: №2,5  3,0.Бережная ручная стирка, max 30°C.;Изделия, связанные из этой пряжи имеют высокую теплоизоляцию, гигроскопичность, обладают целебными качествами. ",http://terrakot-yarn.ru/images/items/53/yarn53big.jpg ; http://terrakot-yarn.ru/images//items/53/yarn53.png,http://terrakot-yarn.ru/images/items/53/yarn53big.jpg, http://terrakot-yarn.ru/images//items/53/yarn53.png,20,2,10;10;10;10;10;10;10;10;10;10;10;10;10;10;10;10;10;1010;10;10;10;10;1010;10;10;10;10;10;10;10;10;10
59-mercaj,http://terrakot-yarn.ru/59_mercajushhaja/,Мерцающая,210.0,129,Пехорка,Пряжа,Главная страница,,,,Состав:,"96% акрил высокообъёмный, 4% метанит",Метраж:,430 м,Вес мотка:,100,Вес упаковки:,500 гр (5 мотков),Цена за 1 моток:,210.0,,,,http://terrakot-yarn.ru/images/items/59/03843047.jpg ; http://terrakot-yarn.ru/images/items/59/03843050.jpg,Фактура,12 желток ; 159 клюква ; 161 мокко ; 742 бильярд,"Рекомендованный номер спиц: 2,0  2,5мм; крючка: №2,0  2,5.Бережная ручная стирка, max 30°C.;В составе пряжи акрил и люрекс. Люрекс предает приглушенный блеск изделию, акрил хорошо держит форму и придает прочность изделию. Хорошо смотрятся шали и палантины, изделия из этой пряжи имеют праздничный вид.",http://terrakot-yarn.ru/images/items/59/yarn59big.jpg ; http://terrakot-yarn.ru/images//items/59/yarn59.png,http://terrakot-yarn.ru/images/items/59/yarn59big.jpg, http://terrakot-yarn.ru/images//items/59/yarn59.png,20,2,10;10;10;10;10;10;10;10;10;10;10;10;10;10;10;10;10;1010;10;10;10;10;1010;10;10;10;10;10;10;10;10;10
1352-kono,http://terrakot-yarn.ru/1352_konopljanaja/,КОНОПЛЯНАЯ,160.0,100,Пехорка,Пряжа,Главная страница,,,,Состав:,"30% конопля, 70% хлопок",Метраж:,280 м,Вес мотка:,50,Вес упаковки:,250 гр (5 мотков),Цена за 1 моток:,160.0,,,,http://terrakot-yarn.ru/images/items/1352/03855947.jpg ; http://terrakot-yarn.ru/images/items/1352/03851149.jpg ; http://terrakot-yarn.ru/images/items/1352/03851150.jpg ; http://terrakot-yarn.ru/images/items/1352/03855949.jpg ; http://terrakot-yarn.ru/images/items/1352/03855950.jpg ; http://terrakot-yarn.ru/images/items/1352/03855951.jpg ; http://terrakot-yarn.ru/images/items/1352/03851154.jpg ; http://terrakot-yarn.ru/images/items/1352/03855952.jpg ; http://terrakot-yarn.ru/images/items/1352/03851148.jpg,Фактура,Конопляная 01 белый ; Конопляная 02 черный ; Конопляная 05 голубой ; Конопляная 124 песочный ; Конопляная 166 суровый ; Конопляная 18 персик ; Конопляная 187 капучино ; Конопляная 447 горчица ; Конопляная 585 графит,"У конопли высокие лечебно – профилактические свойства: изделия из коноплянойпряжи поддерживают нормальный теплообмен человеческого организма (зимой не холодно, а летом не жарко). Этот эффект достигается за счет того, что волокно конопли пористое. Ультрафиолетовое излучение, столь губительное для нашей кожи, задерживается коноплей почти полностью (на 95%). Гипоаллергенностьдостигается благодаря отсутствию в растительном сырье токсичных химикатов, поэтому нет раздражения на коже и создается общий тонизирующий эффект организму.",http://terrakot-yarn.ru/images/items/1352/yarn1352big.jpg ; http://terrakot-yarn.ru/images//items/1352/yarn1352.png,http://terrakot-yarn.ru/images/items/1352/yarn1352big.jpg, http://terrakot-yarn.ru/images//items/1352/yarn1352.png,20,2,10;10;10;10;10;10;10;10;10;10;10;10;10;10;10;10;10;1010;10;10;10;10;1010;10;10;10;10;10;10;10;10;10
52-merino,http://terrakot-yarn.ru/52_merinosovaja/,Мериносовая,280.0,173,Пехорка,Пряжа,Главная страница,,,,Состав:,"50% мериносовая шерсть, 50% акрил",Метраж:,200 м,Вес мотка:,100,Вес упаковки:,1000 гр (10 мотков),Цена за 1 моток:,280.0,,,,http://terrakot-yarn.ru/images/items/52/03815213.jpg ; http://terrakot-yarn.ru/images/items/52/03815214.jpg ; http://terrakot-yarn.ru/images/items/52/03815217.jpg ; http://terrakot-yarn.ru/images/items/52/03832306.jpg ; http://terrakot-yarn.ru/images/items/52/03819123.jpg ; http://terrakot-yarn.ru/images/items/52/03817916.jpg ; http://terrakot-yarn.ru/images/items/52/03828272.jpg ; http://terrakot-yarn.ru/images/items/52/03828273.jpg ; http://terrakot-yarn.ru/images/items/52/03814998.jpg ; http://terrakot-yarn.ru/images/items/52/03815221.jpg ; http://terrakot-yarn.ru/images/items/52/03817921.jpg ; http://terrakot-yarn.ru/images/items/52/03819124.jpg ; http://terrakot-yarn.ru/images/items/52/03817922.jpg ; http://terrakot-yarn.ru/images/items/52/03820137.jpg ; http://terrakot-yarn.ru/images/items/52/03819126.jpg ; http://terrakot-yarn.ru/images/items/52/03817924.jpg ; http://terrakot-yarn.ru/images/items/52/03828274.jpg ; http://terrakot-yarn.ru/images/items/52/03817925.jpg ; http://terrakot-yarn.ru/images/items/52/03828275.jpg ; http://terrakot-yarn.ru/images/items/52/03819127.jpg ; http://terrakot-yarn.ru/images/items/52/03817926.jpg,Фактура,01 белый ; 02 чёрный ; 06 красный ; 12 желток ; 124 песочный ; 177 голубое небо ; 191 ежевика ; 21 брусничный ; 223 св.бирюза ; 24 орхидея ; 251 коричневый ; 335 изумруд ; 344 красная глина ; 384 яр.астра ; 386 св.серый меланж ; 396 настурция ; 40 цикламен ; 447 горчица ; 45 т.бирюза ; 49 фуксия ; 491 ультрамарин ; 89 фрез ; 98 лесной колокольчик,"Рекомендованный номер спиц: 4,0  5,0мм; крючка: №3,5  4,5.Бережная ручная стирка, max 30°C.;Название ""Мериносовая"" оправдывает себя, в состав входит мериносовая шерсть. Пряжа объемной круточки, идеальна для вязания шапок, снудов.;Изделия получатся объемными, теплыми.",http://terrakot-yarn.ru/images/items/52/yarn52big.jpg ; http://terrakot-yarn.ru/images//items/52/yarn52.png,http://terrakot-yarn.ru/images/items/52/yarn52big.jpg, http://terrakot-yarn.ru/images//items/52/yarn52.png,20,2,10;10;10;10;10;10;10;10;10;10;10;10;10;10;10;10;10;1010;10;10;10;10;1010;10;10;10;10;10;10;10;10;10
51-krossb,http://terrakot-yarn.ru/51_krossbred_brazilii/,Кроссбред Бразилии,280.0,172,Пехорка,Пряжа,Главная страница,,,,Состав:,"50% мериносовая шерсть, 50% акрил",Метраж:,500 м,Вес мотка:,100,Вес упаковки:,500 гр (5 мотков),Цена за 1 моток:,280.0,,,,http://terrakot-yarn.ru/images/items/51/03812356.jpg ; http://terrakot-yarn.ru/images/items/51/03812360.jpg ; http://terrakot-yarn.ru/images/items/51/03812361.jpg ; http://terrakot-yarn.ru/images/items/51/03812362.jpg ; http://terrakot-yarn.ru/images/items/51/03814310.jpg ; http://terrakot-yarn.ru/images/items/51/03813886.jpg ; http://terrakot-yarn.ru/images/items/51/03814623.jpg ; http://terrakot-yarn.ru/images/items/51/03837311.jpg ; http://terrakot-yarn.ru/images/items/51/03814622.jpg ; http://terrakot-yarn.ru/images/items/51/03812364.jpg ; http://terrakot-yarn.ru/images/items/51/03836428.jpg ; http://terrakot-yarn.ru/images/items/51/03812366.jpg ; http://terrakot-yarn.ru/images/items/51/03812947.jpg ; http://terrakot-yarn.ru/images/items/51/03829108.jpg ; http://terrakot-yarn.ru/images/items/51/03829109.jpg ; http://terrakot-yarn.ru/images/items/51/03828835.jpg ; http://terrakot-yarn.ru/images/items/51/03812368.jpg ; http://terrakot-yarn.ru/images/items/51/03812369.jpg ; http://terrakot-yarn.ru/images/items/51/03837313.jpg ; http://terrakot-yarn.ru/images/items/51/03812370.jpg ; http://terrakot-yarn.ru/images/items/51/03812950.jpg ; http://terrakot-yarn.ru/images/items/51/03829110.jpg ; http://terrakot-yarn.ru/images/items/51/03829111.jpg ; http://terrakot-yarn.ru/images/items/51/03812952.jpg ; http://terrakot-yarn.ru/images/items/51/03812374.jpg,Фактура,01 белый ; 02 чёрный ; 08 св.серый ; 117 киви ; 156 индиго ; 166 суровый ; 17 шоколад ; 173 грильяж ; 174 стальной ; 177 голубое небо ; 179 фиалка ; 191 ежевика ; 274 серобежевый ; 323 т.бордо ; 335 изумруд ; 35 маренго ; 374 роз.беж ; 389 св.фиалка ; 431 бежевый меланж ; 447 горчица ; 525 св.слива ; 571 синий ; 573 т.изумруд ; 582 св.фуксия ; 583 бирюза ; 88 красный мак ; 98 лесной колокольчик,"Рекомендованный номер спиц: 2,0  2,5мм; крючка: №2,0  2,5. Бережная ручная стирка, max 30°C.;Тоненькая нить. В составе мериносовая шерсть и акрил. Идеально подойдет для вязания шалей, палатнинов, они получатся невесомые, воздушные и в то же время теплые.",http://terrakot-yarn.ru/images/items/51/yarn51big.jpg ; http://terrakot-yarn.ru/images//items/51/yarn51.png,http://terrakot-yarn.ru/images/items/51/yarn51big.jpg, http://terrakot-yarn.ru/images//items/51/yarn51.png,20,2,10;10;10;10;10;10;10;10;10;10;10;10;10;10;10;10;10;1010;10;10;10;10;1010;10;10;10;10;10;10;10;10;10
1609-konk,http://terrakot-yarn.ru/1609_konkurentnaja/,КОНКУРЕНТНАЯ,220.0,140,Пехорка,Пряжа,Главная страница,,,,Состав:,"50% им. шерсть, 50% акрил",Метраж:,250 м,Вес мотка:,100,Вес упаковки:,1000 гр (10 мотков),Цена за 1 моток:,220.0,,,,http://terrakot-yarn.ru/images/items/1609/00003904.jpg ; http://terrakot-yarn.ru/images/items/1609/00003905.jpg ; http://terrakot-yarn.ru/images/items/1609/00003909.jpg ; http://terrakot-yarn.ru/images/items/1609/03809033.jpg ; http://terrakot-yarn.ru/images/items/1609/00556069.jpg ; http://terrakot-yarn.ru/images/items/1609/03857337.jpg ; http://terrakot-yarn.ru/images/items/1609/03857339.jpg ; http://terrakot-yarn.ru/images/items/1609/03857340.jpg ; http://terrakot-yarn.ru/images/items/1609/03857341.jpg ; http://terrakot-yarn.ru/images/items/1609/03857342.jpg ; http://terrakot-yarn.ru/images/items/1609/00003928.jpg ; http://terrakot-yarn.ru/images/items/1609/03857343.jpg ; http://terrakot-yarn.ru/images/items/1609/03857344.jpg ; http://terrakot-yarn.ru/images/items/1609/03809034.jpg ; http://terrakot-yarn.ru/images/items/1609/03809998.jpg ; http://terrakot-yarn.ru/images/items/1609/00003935.jpg ; http://terrakot-yarn.ru/images/items/1609/00556067.jpg ; http://terrakot-yarn.ru/images/items/1609/03804306.jpg ; http://terrakot-yarn.ru/images/items/1609/03809999.jpg ; http://terrakot-yarn.ru/images/items/1609/03857345.jpg ; http://terrakot-yarn.ru/images/items/1609/03857346.jpg ; http://terrakot-yarn.ru/images/items/1609/03805625.jpg ; http://terrakot-yarn.ru/images/items/1609/03857347.jpg ; http://terrakot-yarn.ru/images/items/1609/03811621.jpg ; http://terrakot-yarn.ru/images/items/1609/03808510.jpg ; http://terrakot-yarn.ru/images/items/1609/03857348.jpg ; http://terrakot-yarn.ru/images/items/1609/03811622.jpg ; http://terrakot-yarn.ru/images/items/1609/03811623.jpg ; http://terrakot-yarn.ru/images/items/1609/03808277.jpg ; http://terrakot-yarn.ru/images/items/1609/03808508.jpg,Фактура,Конкурентная 01 белый ; Конкурентная 02 чёрный ; Конкурентная 07 бордо ; Конкурентная 100 корол.синий ; Конкурентная 119 горох ; Конкурентная 14 морская волна ; Конкурентная 163 миндаль ; Конкурентная 173 грильяж ; Конкурентная 183 пур-пур ; Конкурентная 191 ежевика ; Конкурентная 192 зелень ; Конкурентная 255 джинсовый ; Конкурентная 30 св.терракот ; Конкурентная 32 табак ; Конкурентная 329 лаванда ; Конкурентная 378 герань ; Конкурентная 393 св.маренго ; Конкурентная 40 цикламен ; Конкурентная 420 арктика ; Конкурентная 437 ковыль ; Конкурентная 439 малиновый ; Конкурентная 442 натуральный ; Конкурентная 447 горчица ; Конкурентная 520 голубая пролеска ; Конкурентная 53 св.желтый ; Конкурентная 571 синий ; Конкурентная 579 св.кофейный ; Конкурентная 583 бирюза ; Конкурентная 680 готика ; Конкурентная 69 св.сумерки ; Конкурентная 75 жёлтая роза ; Конкурентная 78 фиолетовый ; Конкурентная 88 красный мак,,http://terrakot-yarn.ru/images/items/1609/yarn1609big.jpg ; http://terrakot-yarn.ru/images//items/1609/yarn1609.png,http://terrakot-yarn.ru/images/items/1609/yarn1609big.jpg, http://terrakot-yarn.ru/images//items/1609/yarn1609.png,20,2,10;10;10;10;10;10;10;10;10;10;10;10;10;10;10;10;10;1010;10;10;10;10;1010;10;10;10;10;10;10;10;10;10
